feature,id,fc,pval,qval
gene,gene-aamp,1.64398217454079,0.0473189901402451,0.731520235542954
gene,gene-abhd10b,1.23901395973453,0.0319619862399934,0.731520235542954
gene,gene-abhd14a,0.658247010907664,0.044596241554251,0.731520235542954
gene,gene-acad9,0.451690397202728,0.0127731511530629,0.731520235542954
gene,gene-acap1,0.886265590813975,0.0367384682538837,0.731520235542954
gene,gene-acd,1.13827380245454,0.0301733000196754,0.731520235542954
gene,gene-acmsd,1.36209008551637,0.0125604589908431,0.731520235542954
gene,gene-acsbg2,0.717028711437008,0.0180650186160483,0.731520235542954
gene,gene-acsf2,1.8989755149531,0.0302459384927044,0.731520235542954
gene,gene-adam9,0.404060773767468,0.0270238771197167,0.731520235542954
gene,gene-adat2,1.16570915599448,0.0159558640336719,0.731520235542954
gene,gene-adpgk2,0.726674717725052,0.0376010394995911,0.731520235542954
gene,gene-adprs,0.858532915279588,0.0427216162359474,0.731520235542954
gene,gene-agpat5,0.370430372238888,0.0105440889468248,0.731520235542954
gene,gene-ahcyl2b,0.103633674346138,0.0203638932752046,0.731520235542954
gene,gene-aip,1.46036741895104,0.0256194878668075,0.731520235542954
gene,gene-ak7b,0.661184753293411,0.0201895328502448,0.731520235542954
gene,gene-akt1s1,1.4781408310095,0.0480714939571176,0.731520235542954
gene,gene-aldob,1.56746495181692,0.039748714424807,0.731520235542954
gene,gene-amd1,0.679773814402278,0.034545151835929,0.731520235542954
gene,gene-angptl3,2.75519655819921,0.00205179088784035,0.731520235542954
gene,gene-ankdd1a,1.60553806358823,0.0295002256745833,0.731520235542954
gene,gene-ankrd46b,0.646823084775476,0.0301366865673859,0.731520235542954
gene,gene-anp32a,1.91611524663424,0.0411279063904098,0.731520235542954
gene,gene-anxa3b,0.549402083192761,0.03004010567937,0.731520235542954
gene,gene-aox6,3.85210340107477,0.0119945002535367,0.731520235542954
gene,gene-ap2m1b,1.37293964213702,0.000280061688755717,0.731520235542954
gene,gene-ap5b1,1.0947388838105,0.0294285000963219,0.731520235542954
gene,gene-apobb.1,4.75716203955054,0.00996885057936747,0.731520235542954
gene,gene-apoc1,1.2181126327083,0.0351142268828561,0.731520235542954
gene,gene-arfgap1,0.528821101822849,0.0358463898733375,0.731520235542954
gene,gene-arg1,1.35760371697275,0.0447288663349406,0.731520235542954
gene,gene-arhgef38,2.10550786858391,0.0240906457040784,0.731520235542954
gene,gene-arl14ep,1.6106914327789,0.0373620863654327,0.731520235542954
gene,gene-arpc3,0.862369511062428,0.0305656530297087,0.731520235542954
gene,gene-arrdc1a,0.686149454412609,0.0180596881009696,0.731520235542954
gene,gene-ascc1,0.815399869775087,0.0156214680936916,0.731520235542954
gene,gene-asgr1a,1.68008076694363,0.0145831524054824,0.731520235542954
gene,gene-asphd2,0.859305198845301,0.00760654832165408,0.731520235542954
gene,gene-asrgl1,1.50993887669489,0.0116791976658155,0.731520235542954
gene,gene-atf7a,0.907025377012811,0.0431976174235741,0.731520235542954
gene,gene-atg101,1.16013046002819,0.0156704927547691,0.731520235542954
gene,gene-atp2b1a,1.62614114268842,0.0370236380867451,0.731520235542954
gene,gene-atp5if1a,1.44010627106426,0.00764600037430996,0.731520235542954
gene,gene-atrx,0.715519550650783,0.0432820006347137,0.731520235542954
gene,gene-avpi1,0.658779820620023,0.0445143880017425,0.731520235542954
gene,gene-b3gnt5a,2.10558565428183,0.0283391616945998,0.731520235542954
gene,gene-b4galnt1a,0.518939388603695,0.0140589835497704,0.731520235542954
gene,gene-b9d1,0.972056537817328,0.041233376701856,0.731520235542954
gene,gene-babam1,0.660585375683002,0.00157063179167571,0.731520235542954
gene,gene-banp,1.81323328906163,0.0116708787207361,0.731520235542954
gene,gene-bcl2l10,0.647039144262282,0.0484773082114698,0.731520235542954
gene,gene-bcl7bb,1.2393636704861,0.00465127558989598,0.731520235542954
gene,gene-birc5a,0.62101510869516,0.0255788032165487,0.731520235542954
gene,gene-blvrb,1.48564265539867,0.00910178764556668,0.731520235542954
gene,gene-borcs7,1.11133277530117,0.0427904984019909,0.731520235542954
gene,gene-borcs8,0.683801928319557,0.0363021759513802,0.731520235542954
gene,gene-bpnt1,0.510365991224724,0.0387691727782087,0.731520235542954
gene,gene-brf1b,0.953402202902636,0.0274596873996388,0.731520235542954
gene,gene-bub3,0.919345286043871,0.0280489199687285,0.731520235542954
gene,gene-c12h19orf25,0.621806324338232,0.0488145068416209,0.731520235542954
gene,gene-c12h8orf82,1.53968606941176,0.0133943028202844,0.731520235542954
gene,gene-c3h19orf53,1.35745693919726,0.0316362112485428,0.731520235542954
gene,gene-c7h21orf91,0.674455806681887,0.016017590346422,0.731520235542954
gene,gene-c9h12orf4,1.7990210427877,0.00594678428120898,0.731520235542954
gene,gene-cahz,1.45004832129607,0.0187207188201173,0.731520235542954
gene,gene-cald1a,0.372332934502489,0.0284400209484431,0.731520235542954
gene,gene-calr,0.590966830700969,0.0334816213716295,0.731520235542954
gene,gene-calub,0.845549149522984,0.0298737021759413,0.731520235542954
gene,gene-card14,0.850454355560263,0.035014677047098,0.731520235542954
gene,gene-cbx1b,1.29432865717508,0.00776972259059505,0.731520235542954
gene,gene-ccdc107,0.537531743705126,0.0122496261703235,0.731520235542954
gene,gene-ccdc50a,0.802034193946524,0.0237729035265956,0.731520235542954
gene,gene-ccdc71,1.21240517563105,0.00792574942413604,0.731520235542954
gene,gene-ccni,1.7629467535706,0.00869286515269996,0.731520235542954
gene,gene-cct5,1.32215159913532,0.0183887063381225,0.731520235542954
gene,gene-cdc123,0.659683270373075,0.0398534869946443,0.731520235542954
gene,gene-cdc26,1.17681698231423,0.0366814217138619,0.731520235542954
gene,gene-cdc42ep5,1.65692542305184,0.0203308553036199,0.731520235542954
gene,gene-cdca5,0.868534323288216,0.0176100916191215,0.731520235542954
gene,gene-cdk1,0.616675319234976,0.0237166597485321,0.731520235542954
gene,gene-cebpg,1.33848787341572,0.0151231923056276,0.731520235542954
gene,gene-cenph,0.766062314034573,0.0435959974064478,0.731520235542954
gene,gene-chchd3a,0.742286522650963,0.049946366792556,0.731520235542954
gene,gene-chic1,0.794807493475884,0.030859177384867,0.731520235542954
gene,gene-chmp5b,1.23586859790283,0.041346319658216,0.731520235542954
gene,gene-chp1,0.427849693773172,0.012717951002698,0.731520235542954
gene,gene-ciao2a,0.594065035124185,0.0283895281675923,0.731520235542954
gene,gene-cks1b,0.746960329080994,0.0110512376478711,0.731520235542954
gene,gene-cks2,0.783917360187,0.0370446186229512,0.731520235542954
gene,gene-cldn1,1.45858261538372,0.00816841780011435,0.731520235542954
gene,gene-cldnk,0.938284435043531,0.0120059156521666,0.731520235542954
gene,gene-clec14a,1.38125761254343,0.0439029308936858,0.731520235542954
gene,gene-clmna,0.401595348585367,0.00930604331406415,0.731520235542954
gene,gene-cmc2,1.26089772426925,0.00431180890188854,0.731520235542954
gene,gene-cnot6l,2.31242735131903,0.028345944247377,0.731520235542954
gene,gene-coil,1.30102076676079,0.0365645396513188,0.731520235542954
gene,gene-commd9,1.30667572738648,0.00620013380232964,0.731520235542954
gene,gene-comtd1,0.711994742531226,0.0347660425354335,0.731520235542954
gene,gene-cops4,1.23934326976329,0.0235236141063254,0.731520235542954
gene,gene-coq9,1.12855385265158,0.0455806303559165,0.731520235542954
gene,gene-cotl1,0.474126315659949,0.0360517605858527,0.731520235542954
gene,gene-cpox,1.60641198447613,0.0201913766570434,0.731520235542954
gene,gene-crsp7,4.82370630250717,0.0140295101863246,0.731520235542954
gene,gene-cryz,0.432675078247553,0.0125691135674013,0.731520235542954
gene,gene-csnk1a1,1.15890893179048,0.038237733414225,0.731520235542954
gene,gene-csnk1g2b,1.30030654667615,0.0231356325413004,0.731520235542954
gene,gene-dapk3,0.571362920522855,0.030068322589629,0.731520235542954
gene,gene-dbi,0.784184771901029,0.0107853738945726,0.731520235542954
gene,gene-dcbld2,0.647168499656651,0.0464135987486496,0.731520235542954
gene,gene-dck,0.922564906686411,0.0278360077845674,0.731520235542954
gene,gene-dcn,0.194210875911512,0.0182707169800507,0.731520235542954
gene,gene-dcps,1.26875180120801,0.0457682242458353,0.731520235542954
gene,gene-dctd,0.704291970254585,0.0433228767219735,0.731520235542954
gene,gene-ddb2,1.32287688190365,0.0206702569064736,0.731520235542954
gene,gene-ddit3,0.800975308764587,0.0237519124745722,0.731520235542954
gene,gene-ddx55,0.595955814878649,0.0206015002686237,0.731520235542954
gene,gene-dexi,1.46319332237807,0.0121320365254716,0.731520235542954
gene,gene-dgat1a,2.87645195848691,0.0187170608607103,0.731520235542954
gene,gene-dhrs12,1.54354410151467,0.0126166970748165,0.731520235542954
gene,gene-dhrs7b,1.50333595954617,0.0372826217376114,0.731520235542954
gene,gene-dhx58,1.74778468215172,0.0279888031573318,0.731520235542954
gene,gene-diabloa,1.53612307852411,0.0290449537376692,0.731520235542954
gene,gene-dmac1,1.30642102001891,0.00340960975259008,0.731520235542954
gene,gene-dmap1,0.934130593986188,0.0303342817600598,0.731520235542954
gene,gene-dmgdh,2.29780853832552,0.0447113545821827,0.731520235542954
gene,gene-dnajb9a,1.79013291752971,0.0294073198706341,0.731520235542954
gene,gene-dnajc24,0.592235045414944,0.0485862126384902,0.731520235542954
gene,gene-dnajc30b,0.914592633602072,0.0126018202062526,0.731520235542954
gene,gene-dpep2,1.63375077759208,0.046496722210372,0.731520235542954
gene,gene-dpf2,0.541002409363893,0.0315644185421819,0.731520235542954
gene,gene-dpm1,0.834500987697459,0.0424431295722989,0.731520235542954
gene,gene-dpy19l1l,0.508134524288229,0.0154398937936593,0.731520235542954
gene,gene-dpys,1.53316703544805,0.0430279090631477,0.731520235542954
gene,gene-dqx1,0.709160956443612,0.0112563213988046,0.731520235542954
gene,gene-dram1,1.51255301686817,0.0240932538575311,0.731520235542954
gene,gene-dstyk,0.668396188732649,0.0137554613820166,0.731520235542954
gene,gene-dusp4,0.4981260846014,0.0450470683970372,0.731520235542954
gene,gene-dusp5,2.26922945277394,0.00942067318760564,0.731520235542954
gene,gene-dvl2,0.705247184864729,0.0404682712387974,0.731520235542954
gene,gene-ebag9,1.20545337687571,0.0403909546763227,0.731520235542954
gene,gene-echdc1,4.10956018189432,0.0405658855612039,0.731520235542954
gene,gene-efcab11,1.39758889526438,0.0370656630821499,0.731520235542954
gene,gene-eif2ak4,0.761277994653104,0.0121788247660556,0.731520235542954
gene,gene-eif3k,1.33231375897895,0.000234837582810732,0.731520235542954
gene,gene-eif3m,1.22391363866712,0.0107238189425034,0.731520235542954
gene,gene-eif3s6ip,1.42832293672263,0.0459583828461865,0.731520235542954
gene,gene-eif4e2,0.529270333847599,0.0467227839196002,0.731520235542954
gene,gene-elf3,1.38259839729582,0.0326404393891044,0.731520235542954
gene,gene-emc3,0.670989556237607,0.0382888524334071,0.731520235542954
gene,gene-emc4,1.47932203031294,0.019166659947272,0.731520235542954
gene,gene-enpp1,2.1198198529136,0.0263268469399601,0.731520235542954
gene,gene-epdl1,1.34962613512526,0.00880796909575365,0.731520235542954
gene,gene-epor,1.81172039662197,0.0285002179221522,0.731520235542954
gene,gene-eps8l1a,1.63654892878125,0.0151442166981683,0.731520235542954
gene,gene-eps8l2,0.59898500272332,0.0122671026912966,0.731520235542954
gene,gene-ergic1,0.426678806378686,0.0119526922245154,0.731520235542954
gene,gene-ero1a,0.37206631979938,0.00513781832185334,0.731520235542954
gene,gene-esama,0.495833957702647,0.000664907195307762,0.731520235542954
gene,gene-esr2a,1.45558585819133,0.00619957002947147,0.731520235542954
gene,gene-exosc1,1.25118981822223,0.00835528917924422,0.731520235542954
gene,gene-exosc2,0.714091839831306,0.0270459637391331,0.731520235542954
gene,gene-exosc5,1.22700090282127,0.00282756645486137,0.731520235542954
gene,gene-ext2,0.473954401842332,0.00298089133189916,0.731520235542954
gene,gene-f2r,0.797917966497491,0.0338235908927577,0.731520235542954
gene,gene-fabp3,1.61561856430837,0.0365605759827519,0.731520235542954
gene,gene-faf2,4.47685048071602,0.00618465625195852,0.731520235542954
gene,gene-fam167b,1.51211116412959,0.0391595130810194,0.731520235542954
gene,gene-fam222bb,0.59624954889091,0.00301065490531804,0.731520235542954
gene,gene-fastkd3,1.39237001304655,0.0127649822736815,0.731520235542954
gene,gene-fdx2,0.729155581996213,0.0361071608148562,0.731520235542954
gene,gene-fdxacb1,2.91456312340027,0.00235514484148847,0.731520235542954
gene,gene-fgfr1op2,1.32066998798213,0.0324455679653115,0.731520235542954
gene,gene-ficd,0.682901346052126,0.0329673861085891,0.731520235542954
gene,gene-fignl1,1.2876034903637,0.00698174331013379,0.731520235542954
gene,gene-fkbp1aa,1.26308422542436,0.0294893741303142,0.731520235542954
gene,gene-fmc1,1.18698064339671,0.0211482492348278,0.731520235542954
gene,gene-fnbp1l,0.682533082571538,0.0432155129921274,0.731520235542954
gene,gene-fosab,0.573827883204215,0.0200932150929254,0.731520235542954
gene,gene-foxj3,0.787650047860383,0.0354632194935782,0.731520235542954
gene,gene-ftr67,2.05445619379037,0.0351929091236582,0.731520235542954
gene,gene-galcb,0.418349445460605,0.0276611355805264,0.731520235542954
gene,gene-galm,1.48592295714522,0.029354898669592,0.731520235542954
gene,gene-gapdh,1.25287213484419,0.0136794643426634,0.731520235542954
gene,gene-gatc,1.17446217494259,0.0129495174766217,0.731520235542954
gene,gene-gcshb,1.47214805046336,0.0277270271476664,0.731520235542954
gene,gene-gda,2.03886045930834,0.0185073939328534,0.731520235542954
gene,gene-gdpd5b,0.667339606719298,0.0270796931139708,0.731520235542954
gene,gene-ghitm,1.37213326885821,0.0115209628003614,0.731520235542954
gene,gene-gid4,0.439657243095772,0.00924275604105051,0.731520235542954
gene,gene-glb1l,0.531859117773185,0.0300804335806029,0.731520235542954
gene,gene-glmp,1.50004584080175,0.0263168282627647,0.731520235542954
gene,gene-gltpd2b,1.83778109654668,0.0469450170332044,0.731520235542954
gene,gene-gng7,1.08802933761882,0.0160189966418236,0.731520235542954
gene,gene-gpatch4,1.87139138538967,0.0431450637054818,0.731520235542954
gene,gene-gpx4a,1.93253200424963,0.00199901046452189,0.731520235542954
gene,gene-gss,0.593386427161689,0.0331220464469516,0.731520235542954
gene,gene-gsta.1,1.33950415441254,0.0494588477393387,0.731520235542954
gene,gene-gstt1b,1.51928924290128,0.0222267032861492,0.731520235542954
gene,gene-gtpbp10,1.64015666186958,0.0491353535225298,0.731520235542954
gene,gene-gtpbp1l,0.578696055957063,0.0406681479663624,0.731520235542954
gene,gene-gusb,0.133571344803721,0.0182283744464904,0.731520235542954
gene,gene-hdhd2,1.55113050112734,0.00884898592880368,0.731520235542954
gene,gene-hdhd3,1.23703019290382,0.0408386876789084,0.731520235542954
gene,gene-hectd1,0.395794702271032,0.0168846049469759,0.731520235542954
gene,gene-her9,1.45555576348047,0.0292975927552036,0.731520235542954
gene,gene-hhipl1,1.81765354018039,0.0360596876254887,0.731520235542954
gene,gene-higd2a,1.10063411696829,0.0452582786953833,0.731520235542954
gene,gene-hikeshi,1.30409770681316,0.0016758534004484,0.731520235542954
gene,gene-hmces,1.94617151732122,0.0246068213746002,0.731520235542954
gene,gene-hmg20a,1.69666156146936,0.00758372737847046,0.731520235542954
gene,gene-hnrnpl,1.63159817010085,0.0225534289773881,0.731520235542954
gene,gene-hpcal1,1.51705124813261,0.0252886536437984,0.731520235542954
gene,gene-hscb,1.22423180719174,0.0493838643764635,0.731520235542954
gene,gene-hsd11b2,2.15684858736007,0.0225634185864128,0.731520235542954
gene,gene-hsd17b10,1.34982844294416,0.0422719473575428,0.731520235542954
gene,gene-hsd17b8,1.28279113022144,0.035243428035443,0.731520235542954
gene,gene-htatip2,1.99682213471881,0.00375005994550492,0.731520235542954
gene,gene-hyal3,0.71288033240004,0.0466500235758791,0.731520235542954
gene,gene-hyou1,0.49180578301488,0.0375636594314634,0.731520235542954
gene,gene-ical1,0.861780310161219,0.0406619906987207,0.731520235542954
gene,gene-id2b,1.27572131549497,0.00296122480547856,0.731520235542954
gene,gene-idi1,1.69689892346135,0.0242123670245284,0.731520235542954
gene,gene-ifi30a,0.788979335327056,0.0460686943097923,0.731520235542954
gene,gene-ift22,0.900945334101582,0.0250091188529982,0.731520235542954
gene,gene-igf2b,1.50861172684706,0.0444437715945756,0.731520235542954
gene,gene-igsf5a,0.695972685937139,0.0137031044282369,0.731520235542954
gene,gene-ilkap,0.861980633022356,0.0363335661316599,0.731520235542954
gene,gene-imp4,1.16103945822113,0.0447883221169683,0.731520235542954
gene,gene-inhbab,0.44235569721838,0.0102196567726215,0.731520235542954
gene,gene-inka1b,1.26820818345066,0.022676982837837,0.731520235542954
gene,gene-ins,1.34230753621316,0.0384599691100702,0.731520235542954
gene,gene-insig1,2.59342083348435,0.00939280159170108,0.731520235542954
gene,gene-ints13,0.526838361670016,0.0151951258604393,0.731520235542954
gene,gene-ip6k2b,1.55680127720722,0.00689914301133232,0.731520235542954
gene,gene-irf1b,1.41653848391196,0.0237423298083006,0.731520235542954
gene,gene-irf2bp2b,1.43724347032135,0.0194718198207957,0.731520235542954
gene,gene-irf3,1.90934227718307,0.0103799906233508,0.731520235542954
gene,gene-isca2,1.27103906952186,0.0018141233037221,0.731520235542954
gene,gene-jmjd4,1.09678116049611,0.0428099863326303,0.731520235542954
gene,gene-kansl2,1.36557402490625,0.0304097974032314,0.731520235542954
gene,gene-katnb1,0.651017006556964,0.0115576009852796,0.731520235542954
gene,gene-kbtbd4,0.778890358350254,0.0457752752394158,0.731520235542954
gene,gene-kctd5b,0.77269259791667,0.0154989084600461,0.731520235542954
gene,gene-khnyn,0.708498493192616,0.0135242148478079,0.731520235542954
gene,gene-klc1b,0.608338065333395,0.0035510695865244,0.731520235542954
gene,gene-klf1,1.66872805904964,0.00472801783822319,0.731520235542954
gene,gene-krt94,0.769663940837763,0.0157066210590026,0.731520235542954
gene,gene-lap3,0.56964347129065,0.0375596070873316,0.731520235542954
gene,gene-laptm4a,1.38150052956952,0.0216874554735351,0.731520235542954
gene,gene-larp6a,1.74268341934937,0.0338548355394794,0.731520235542954
gene,gene-leprotl1,0.433133189588858,0.0413045224145004,0.731520235542954
gene,gene-lipf,4.64638413650913,0.0447222936619329,0.731520235542954
gene,gene-LOC132445548,0.769092242028733,0.041432983973588,0.731520235542954
gene,gene-LOC132445831,0.976472340461209,0.0118019585407849,0.731520235542954
gene,gene-LOC132445848,0.867293584348672,0.00270900097368398,0.731520235542954
gene,gene-LOC132445954,1.61159354157951,0.0187265280420438,0.731520235542954
gene,gene-LOC132446073,1.29245073376811,0.0283571087655143,0.731520235542954
gene,gene-LOC132446128,0.579454812945812,0.00428150865620958,0.731520235542954
gene,gene-LOC132446180,1.34983223822268,0.00358873769667789,0.731520235542954
gene,gene-LOC132446249,0.754290850543047,0.0243074170351375,0.731520235542954
gene,gene-LOC132446298,1.2005964411864,0.043754621709037,0.731520235542954
gene,gene-LOC132446301,0.967342305712716,0.0424104335318276,0.731520235542954
gene,gene-LOC132446364,1.30214125093457,0.0386933868008486,0.731520235542954
gene,gene-LOC132446395,1.49848097948457,0.00988528244353248,0.731520235542954
gene,gene-LOC132446456,2.69937038004801,0.0315764133457606,0.731520235542954
gene,gene-LOC132446573,1.60227045565604,0.0303849732651721,0.731520235542954
gene,gene-LOC132446739,1.65293890712481,0.0476057883681638,0.731520235542954
gene,gene-LOC132446812,1.90270861557498,0.0238463071817268,0.731520235542954
gene,gene-LOC132446891,1.54937661718971,0.0279363214254581,0.731520235542954
gene,gene-LOC132447317,1.26141006012402,0.0268574486953298,0.731520235542954
gene,gene-LOC132447383,1.20451749761197,0.0365863031474229,0.731520235542954
gene,gene-LOC132447454,1.24047113102404,0.0390698582888862,0.731520235542954
gene,gene-LOC132447581,0.454088623155766,0.0418519574900621,0.731520235542954
gene,gene-LOC132447704,1.34405849414958,0.0218000482169454,0.731520235542954
gene,gene-LOC132447942,1.29065124834982,0.0204629670358936,0.731520235542954
gene,gene-LOC132447987,0.754479405948623,0.0130929811285446,0.731520235542954
gene,gene-LOC132448094,1.04298641547073,0.0382743252998392,0.731520235542954
gene,gene-LOC132448225,1.10066578683752,0.0349182650597972,0.731520235542954
gene,gene-LOC132448240,0.862820640805556,0.0131595548569237,0.731520235542954
gene,gene-LOC132448421,0.964884574697294,0.0419867996349179,0.731520235542954
gene,gene-LOC132448438,2.21087360856315,0.023608164370597,0.731520235542954
gene,gene-LOC132448590,2.06908468661696,0.0224168929916684,0.731520235542954
gene,gene-LOC132448593,1.56180914337582,0.043734743773483,0.731520235542954
gene,gene-LOC132449240,0.908357611728627,0.00073429053543006,0.731520235542954
gene,gene-LOC132449390,1.21712539438537,0.0125328237374076,0.731520235542954
gene,gene-LOC132449692,1.32725938119222,0.022084774028081,0.731520235542954
gene,gene-LOC132449814,0.826585130772621,0.0357663696102239,0.731520235542954
gene,gene-LOC132449837,1.7728956250431,0.0327565765632345,0.731520235542954
gene,gene-LOC132449907,1.09605150530437,0.0324493689166789,0.731520235542954
gene,gene-LOC132449982,0.737393358789025,0.0112225975463123,0.731520235542954
gene,gene-LOC132450122,1.35700537722976,0.0388954961691097,0.731520235542954
gene,gene-LOC132450129,1.05465292961208,0.00288597818819025,0.731520235542954
gene,gene-LOC132450236,0.780611702784942,0.0344318995245652,0.731520235542954
gene,gene-LOC132450390,0.70497782500951,0.0259267296110828,0.731520235542954
gene,gene-LOC132450459,0.839754323339818,0.0456004422395883,0.731520235542954
gene,gene-LOC132450461,0.949781084999382,0.0389575689346644,0.731520235542954
gene,gene-LOC132450467,0.857931237971654,0.040531708500175,0.731520235542954
gene,gene-LOC132450492,0.666483985150439,0.00205381997528509,0.731520235542954
gene,gene-LOC132450493,0.914015912356718,0.0232974973466473,0.731520235542954
gene,gene-LOC132450739,1.71475210450166,0.0329756964775643,0.731520235542954
gene,gene-LOC132450742,0.727835103419249,0.0483463354135709,0.731520235542954
gene,gene-LOC132450745,2.49085508615759,0.0111751376253513,0.731520235542954
gene,gene-LOC132450789,0.924981519718305,0.0402668752080001,0.731520235542954
gene,gene-LOC132451001,0.881351313366937,0.0292276373867462,0.731520235542954
gene,gene-LOC132451006,0.526479272613947,0.0360206350120158,0.731520235542954
gene,gene-LOC132451014,1.56352699988545,0.00320406655420635,0.731520235542954
gene,gene-LOC132451140,1.43672565101941,0.00442255856857854,0.731520235542954
gene,gene-LOC132451369,0.79071806526662,0.0200749208295656,0.731520235542954
gene,gene-LOC132451410,2.19347599252378,0.0145123192073723,0.731520235542954
gene,gene-LOC132451675,1.39133292062221,0.0356117568708161,0.731520235542954
gene,gene-LOC132452051,0.795307718522618,0.0490898967224429,0.731520235542954
gene,gene-LOC132452069,0.646363733058564,0.0106417388182817,0.731520235542954
gene,gene-LOC132452136,1.29361426884247,0.0359373163043626,0.731520235542954
gene,gene-LOC132452163,0.861307560394652,0.0108217692136051,0.731520235542954
gene,gene-LOC132452323,0.64446746155477,0.0205674743182467,0.731520235542954
gene,gene-LOC132452346,1.24164342468892,0.0133128429920919,0.731520235542954
gene,gene-LOC132452368,1.1438803595242,0.0392498519643328,0.731520235542954
gene,gene-LOC132452504,0.98854567126798,0.0388922517024208,0.731520235542954
gene,gene-LOC132452572,0.611244704465455,0.0172723044804997,0.731520235542954
gene,gene-LOC132452652,0.869299281185682,0.00833285138080142,0.731520235542954
gene,gene-LOC132453136,0.997701447635897,0.0257808258108105,0.731520235542954
gene,gene-LOC132453425,1.31213769153094,0.0443953333654457,0.731520235542954
gene,gene-LOC132453432,0.658595795021446,0.0296746046892438,0.731520235542954
gene,gene-LOC132453506,1.70108507211209,0.0144838800972649,0.731520235542954
gene,gene-LOC132453632,0.944027692985181,0.0444922338781788,0.731520235542954
gene,gene-LOC132453634,1.42087859899276,0.0203368394108381,0.731520235542954
gene,gene-LOC132454010,1.1713876055727,0.000348112837998849,0.731520235542954
gene,gene-LOC132454082,0.576299981274738,0.00278584129698645,0.731520235542954
gene,gene-LOC132454262,2.39829049381075,0.0165795894010052,0.731520235542954
gene,gene-LOC132454451,1.38914574994439,0.0415953947505604,0.731520235542954
gene,gene-LOC132454657,1.20602856114733,0.040151471896634,0.731520235542954
gene,gene-LOC132454972,0.780660413117556,0.0305470539336028,0.731520235542954
gene,gene-LOC132455054,1.32650893856097,0.00652190257483021,0.731520235542954
gene,gene-LOC132455152,1.40643191781067,0.0325504141569614,0.731520235542954
gene,gene-LOC132455221,1.87302993962407,0.0371508298992471,0.731520235542954
gene,gene-LOC132455378,0.549899476949184,0.0414691558934006,0.731520235542954
gene,gene-LOC132455392,1.14826369794906,0.0443730256979258,0.731520235542954
gene,gene-LOC132455420,0.976922700834099,0.023184780011499,0.731520235542954
gene,gene-LOC132455531,0.926632300716359,0.0115001387478433,0.731520235542954
gene,gene-LOC132455957,0.607128316517256,0.0137942768590946,0.731520235542954
gene,gene-LOC132456144,1.25979783443678,0.0217523901457296,0.731520235542954
gene,gene-LOC132456406,0.980101279035304,0.0428859130161134,0.731520235542954
gene,gene-LOC132456647,0.743573132105007,0.0327567297754588,0.731520235542954
gene,gene-LOC132457138,1.35145283980749,0.0371322915572309,0.731520235542954
gene,gene-LOC132457210,1.34458386487785,0.0268015552752218,0.731520235542954
gene,gene-LOC132457478,0.983349418906967,0.0236312801738437,0.731520235542954
gene,gene-LOC132457497,0.921579285601827,0.021154231687244,0.731520235542954
gene,gene-LOC132457527,0.660454854242405,0.011412378365423,0.731520235542954
gene,gene-LOC132457600,0.910479122593474,0.0200965191973469,0.731520235542954
gene,gene-LOC132457663,2.93511003350603,0.00918504009320276,0.731520235542954
gene,gene-LOC132457723,1.02024956534966,0.039857545092711,0.731520235542954
gene,gene-LOC132457749,0.562026337251531,0.0362447978765484,0.731520235542954
gene,gene-LOC132457865,2.11956261699973,0.0304000077470792,0.731520235542954
gene,gene-LOC132458194,1.30079588535359,0.019072560507894,0.731520235542954
gene,gene-LOC132458256,0.709436008226445,0.0402724249254837,0.731520235542954
gene,gene-LOC132458371,0.990103132243927,0.0340697780383921,0.731520235542954
gene,gene-LOC132458741,1.48535674782019,0.00093535170493908,0.731520235542954
gene,gene-LOC132458823,2.01102042741515,0.025187848295968,0.731520235542954
gene,gene-LOC132459214,0.945860391235016,0.0248400944561847,0.731520235542954
gene,gene-LOC132459237,0.970784100088379,0.0109377491614255,0.731520235542954
gene,gene-LOC132459286,2.6528825536598,0.0114986787589271,0.731520235542954
gene,gene-LOC132459779,0.70040234668497,0.0239025411663381,0.731520235542954
gene,gene-LOC132459847,0.587524237562736,0.0255059571390026,0.731520235542954
gene,gene-LOC132460235,0.980315238571872,0.0285238933897104,0.731520235542954
gene,gene-LOC132460239,0.983262240357352,0.0240136755116119,0.731520235542954
gene,gene-LOC132460399,1.18539909454708,2.58537739692422e-05,0.331652212477438
gene,gene-LOC132460673,1.58015274709607,0.0095683519300982,0.731520235542954
gene,gene-LOC132460678,0.881040652683134,0.032880476728435,0.731520235542954
gene,gene-LOC132460691,1.38343653203461,0.0333367140501933,0.731520235542954
gene,gene-LOC132460893,1.61764973115029,0.016371403720709,0.731520235542954
gene,gene-LOC132460933,0.990976374293458,0.0420844988656935,0.731520235542954
gene,gene-LOC132460939,1.65702765909005,0.0375767917158685,0.731520235542954
gene,gene-LOC132461001,0.489346164153381,0.00313834205722419,0.731520235542954
gene,gene-LOC132461089,1.13272270375262,0.00698478975785144,0.731520235542954
gene,gene-LOC132461418,1.01579324288143,0.0123266361431262,0.731520235542954
gene,gene-LOC132461584,0.634799615551824,0.010424246146358,0.731520235542954
gene,gene-LOC132461676,0.34551452547958,0.00362461283326576,0.731520235542954
gene,gene-LOC132461691,0.622245448268681,0.0329656135274965,0.731520235542954
gene,gene-LOC132461763,1.50526637745891,0.0296170466338913,0.731520235542954
gene,gene-LOC132462384,1.2424283811028,0.0374782907090754,0.731520235542954
gene,gene-LOC132462681,2.33367676288621,0.00817385968858109,0.731520235542954
gene,gene-LOC132462702,2.22364319617087,0.0283575820594886,0.731520235542954
gene,gene-LOC132462713,0.360244323093466,0.016212498090547,0.731520235542954
gene,gene-LOC132463046,1.39104248734998,0.0192050008358799,0.731520235542954
gene,gene-LOC132463065,2.97027393692898,0.0294492569189436,0.731520235542954
gene,gene-LOC132463075,0.407626283552864,0.00150835907267721,0.731520235542954
gene,gene-LOC132463164,1.08349600437702,0.0321081427935971,0.731520235542954
gene,gene-LOC132463182,0.903114274987123,0.0344731817729853,0.731520235542954
gene,gene-LOC132463238,1.00784980941278,0.0231678888370159,0.731520235542954
gene,gene-LOC132463276,1.38783140953722,0.0387068633441432,0.731520235542954
gene,gene-LOC132463386,0.764476086737251,0.0425972092897973,0.731520235542954
gene,gene-LOC132463404,1.38791839599396,0.00110340463446823,0.731520235542954
gene,gene-LOC132463492,3.45075735539521,0.0219168776120752,0.731520235542954
gene,gene-LOC132463527,4.35692173177106,0.00233699248533803,0.731520235542954
gene,gene-LOC132463571,1.03574322381983,0.00936818112677618,0.731520235542954
gene,gene-LOC132463599,2.02150474553312,0.0370624407855149,0.731520235542954
gene,gene-LOC132463690,0.581324155467873,0.0181530438114406,0.731520235542954
gene,gene-LOC132463722,0.977233584996912,0.00980798709904351,0.731520235542954
gene,gene-LOC132464064,1.14593235109173,0.0253809900336357,0.731520235542954
gene,gene-LOC132464154,1.82506277826794,0.029051153303129,0.731520235542954
gene,gene-LOC132464180,1.29248803939486,0.0321226098336831,0.731520235542954
gene,gene-LOC132464228,0.795892507510714,0.0311072505112261,0.731520235542954
gene,gene-LOC132464236,0.481870071240229,0.045347998246638,0.731520235542954
gene,gene-LOC132464433,1.2867910961355,0.0235449820554194,0.731520235542954
gene,gene-LOC132464659,0.54314981880648,0.0141502689320058,0.731520235542954
gene,gene-LOC132464677,0.454631803721401,0.00777726853787208,0.731520235542954
gene,gene-LOC132464806,1.19736563323454,0.0232452765335914,0.731520235542954
gene,gene-LOC132465059,0.572347676770084,0.00148643328918463,0.731520235542954
gene,gene-LOC132465088,1.18976564880788,0.0099586193800435,0.731520235542954
gene,gene-LOC132465120,0.783909246453461,0.03059747031756,0.731520235542954
gene,gene-LOC132465322,0.978383887372909,0.0476822038958704,0.731520235542954
gene,gene-LOC132465527,1.91273442989197,0.00607245743428098,0.731520235542954
gene,gene-LOC132465538,0.963365624269598,0.0322558645642195,0.731520235542954
gene,gene-LOC132465589,0.723505831870017,0.0344973993954262,0.731520235542954
gene,gene-LOC132465608,1.1949529530864,0.040868368435559,0.731520235542954
gene,gene-LOC132465650,1.95493388043656,0.0240105473816052,0.731520235542954
gene,gene-LOC132465724,0.746854294648113,0.0206027685023891,0.731520235542954
gene,gene-LOC132465730,1.14115198935749,0.00456579738209073,0.731520235542954
gene,gene-LOC132466138,1.25140741257259,0.0126990788086661,0.731520235542954
gene,gene-LOC132466224,0.699971598696264,0.0392101806377188,0.731520235542954
gene,gene-LOC132466317,1.34795148223811,0.034204338154165,0.731520235542954
gene,gene-LOC132466378,0.948631364834954,0.0229895225732588,0.731520235542954
gene,gene-LOC132466429,1.71802529894776,0.0209585683554179,0.731520235542954
gene,gene-LOC132466566,1.50821430302608,0.0114183924279148,0.731520235542954
gene,gene-LOC132466774,1.19029233700879,0.0167179207385171,0.731520235542954
gene,gene-LOC132467030,0.564616916926975,0.0176647949720785,0.731520235542954
gene,gene-LOC132467032,1.31100670660522,0.0303764906107318,0.731520235542954
gene,gene-LOC132467252,1.25364880425041,0.0222642958376984,0.731520235542954
gene,gene-LOC132467254,1.18234023288724,0.0410433703222176,0.731520235542954
gene,gene-LOC132467347,2.07398625330459,0.0222852327093656,0.731520235542954
gene,gene-LOC132467386,0.898537919279885,0.0361522974216936,0.731520235542954
gene,gene-LOC132467788,0.838924030216051,0.031810756986583,0.731520235542954
gene,gene-LOC132467882,0.635721335010087,0.0480861925851019,0.731520235542954
gene,gene-LOC132467931,2.09815177735654,0.00879450613890453,0.731520235542954
gene,gene-LOC132468026,0.970002500971078,0.0431753451908452,0.731520235542954
gene,gene-LOC132468228,1.64051255640276,0.00607135630855848,0.731520235542954
gene,gene-LOC132468417,1.2253497366447,0.029459952680615,0.731520235542954
gene,gene-LOC132468432,0.97223796608027,0.0249699684051379,0.731520235542954
gene,gene-LOC132468472,1.18800853660607,0.0430430964343016,0.731520235542954
gene,gene-LOC132468745,2.28670703180407,0.0262157328699075,0.731520235542954
gene,gene-LOC132468834,1.10505241149488,0.0248292975271485,0.731520235542954
gene,gene-LOC132468939,1.8830344569488,0.00669329539893204,0.731520235542954
gene,gene-LOC132469051,1.13172253479491,0.0171458283938324,0.731520235542954
gene,gene-LOC132469126,2.40732858932402,0.00372426999118736,0.731520235542954
gene,gene-LOC132469195,2.39056259450119,0.00999877366621971,0.731520235542954
gene,gene-LOC132469717,1.45913128175184,0.0265983536217184,0.731520235542954
gene,gene-LOC132470002,2.02591268724407,0.00398817839173571,0.731520235542954
gene,gene-LOC132470023,0.991631094663035,0.0277131234566284,0.731520235542954
gene,gene-LOC132470025,0.97106979823063,0.0164499242395026,0.731520235542954
gene,gene-LOC132470076,3.39440882667159,0.0299946488753083,0.731520235542954
gene,gene-LOC132470081,0.654795885395202,0.0302839243111613,0.731520235542954
gene,gene-LOC132470102,1.52301050820286,0.0267522270466779,0.731520235542954
gene,gene-LOC132470300,0.636306634465333,0.0328748301606617,0.731520235542954
gene,gene-LOC132470331,0.965441652454328,0.0138137725474041,0.731520235542954
gene,gene-LOC132470436,1.09952384196903,0.00246680827340873,0.731520235542954
gene,gene-LOC132470537,1.89470753695523,0.0215812938994226,0.731520235542954
gene,gene-LOC132470604,1.04841269195844,0.00817755438010992,0.731520235542954
gene,gene-LOC132470639,1.54881348041722,0.0292807147600529,0.731520235542954
gene,gene-LOC132470761,0.719518010107808,0.0403982813507527,0.731520235542954
gene,gene-LOC132471008,1.88262482987297,0.011600557744026,0.731520235542954
gene,gene-LOC132471142,1.78077188864271,0.0240681549113811,0.731520235542954
gene,gene-LOC132471177,0.679819472470983,0.0168047870686836,0.731520235542954
gene,gene-LOC132471233,0.806705340134175,0.0418508041343684,0.731520235542954
gene,gene-LOC132471292,0.8808721296132,0.0235571253195666,0.731520235542954
gene,gene-LOC132471324,1.00434233955342,0.0477239260241034,0.731520235542954
gene,gene-LOC132471540,1.9198053808715,0.00728421189197803,0.731520235542954
gene,gene-LOC132471659,1.21962419196125,0.0107595499766584,0.731520235542954
gene,gene-LOC132472013,1.30156222372163,0.00170161339909758,0.731520235542954
gene,gene-LOC132472421,1.17035951542904,0.00725958242981339,0.731520235542954
gene,gene-LOC132472590,1.26580707072092,0.00599200225337049,0.731520235542954
gene,gene-LOC132472629,1.38359078783478,0.0397578154863862,0.731520235542954
gene,gene-LOC132472630,1.22336143074739,0.0393180232793757,0.731520235542954
gene,gene-LOC132472770,0.793069681750372,0.040459006090791,0.731520235542954
gene,gene-LOC132472981,0.482690088486462,0.0277373977554503,0.731520235542954
gene,gene-LOC132472993,0.754358008068767,0.0411229984462036,0.731520235542954
gene,gene-LOC132473038,0.969670835743491,0.0390401013544863,0.731520235542954
gene,gene-LOC132473051,0.805767580225264,0.0209734649503267,0.731520235542954
gene,gene-LOC132473075,0.971407295157161,0.0372443847952009,0.731520235542954
gene,gene-LOC132473178,1.62142676247964,0.0225617537755713,0.731520235542954
gene,gene-LOC132473205,1.35713207688568,0.0299817643845296,0.731520235542954
gene,gene-LOC132473206,0.755788199423957,0.0430384286953942,0.731520235542954
gene,gene-LOC132473225,1.52966104613958,0.00921917144807094,0.731520235542954
gene,gene-LOC132473644,1.29014834034516,0.0484149426995248,0.731520235542954
gene,gene-LOC132473715,0.720508606489259,0.0155876357020124,0.731520235542954
gene,gene-LOC132473716,0.596805361091107,0.0361940099113625,0.731520235542954
gene,gene-LOC132473740,1.55890318433143,0.0280655349568286,0.731520235542954
gene,gene-LOC132473880,0.949765974056433,0.0446145848358913,0.731520235542954
gene,gene-LOC132473899,0.849606625608796,0.0488271631917712,0.731520235542954
gene,gene-LOC132473997,0.629143087326659,0.0272528917340771,0.731520235542954
gene,gene-LOC132474025,0.85755246142261,0.0408073185942894,0.731520235542954
gene,gene-LOC132474034,0.243657847893458,0.0339172572870301,0.731520235542954
gene,gene-LOC132474070,0.85837420505957,0.0184765419329989,0.731520235542954
gene,gene-LOC132474196,0.483549529776471,0.0200999661627321,0.731520235542954
gene,gene-LOC132474225,1.41032148638821,0.0488081944721801,0.731520235542954
gene,gene-LOC132474233,1.31578420927593,0.0170113703543546,0.731520235542954
gene,gene-LOC132474383,1.8572260007422,0.0397957396031619,0.731520235542954
gene,gene-LOC132474393,1.64518119813888,0.00562302835751693,0.731520235542954
gene,gene-LOC132474413,0.933615313821451,0.0274539978908872,0.731520235542954
gene,gene-LOC132474574,0.204086244092209,0.0228752315018668,0.731520235542954
gene,gene-LOC132474621,1.17471597554751,0.0381053243188755,0.731520235542954
gene,gene-LOC132474700,1.22967879695668,0.0107845920279526,0.731520235542954
gene,gene-LOC132475066,1.29279135827964,0.0181815325839023,0.731520235542954
gene,gene-LOC132475076,1.02330394706323,0.0449273911183486,0.731520235542954
gene,gene-LOC132475404,0.958051001641202,0.0496344785194054,0.731520235542954
gene,gene-LOC132475627,1.25120910753334,0.0400169777458395,0.731520235542954
gene,gene-LOC132475828,1.17680365617188,0.0383765815172215,0.731520235542954
gene,gene-lrrc1,0.588458562747582,0.03964593246894,0.731520235542954
gene,gene-lrrc59,0.749546968071724,0.00891726686827987,0.731520235542954
gene,gene-lsm7,0.596658507842033,0.019954441511114,0.731520235542954
gene,gene-lto1,0.669690962709841,0.0148605340032445,0.731520235542954
gene,gene-lzic,1.35190568852036,0.0197199492588981,0.731520235542954
gene,gene-mad1l1,1.76517787776019,0.00399177359426373,0.731520235542954
gene,gene-mafbb,2.47943571755903,0.00701535990668334,0.731520235542954
gene,gene-mal2,1.7272194046651,0.0089857548516441,0.731520235542954
gene,gene-manf,0.525298523829856,0.0104548607494035,0.731520235542954
gene,gene-mat2ab,0.668927080123551,0.0145854592044627,0.731520235542954
gene,gene-mettl8,1.56298634304462,0.0382392086991629,0.731520235542954
gene,gene-mfap2,0.634703104231119,0.0462304925634295,0.731520235542954
gene,gene-mfhas1,1.75162036437676,0.0110517083757156,0.731520235542954
gene,gene-mfsd5,1.51105114568377,0.0191405538485769,0.731520235542954
gene,gene-mgrn1b,0.643413483984148,0.0261208229840604,0.731520235542954
gene,gene-micos13,1.22902863275946,0.0055584895057621,0.731520235542954
gene,gene-mideasa,1.21089773338132,0.0423681313237546,0.731520235542954
gene,gene-mier1b,1.9216865105967,0.00444812287579888,0.731520235542954
gene,gene-miox,1.60378999753237,0.0319843102144962,0.731520235542954
gene,gene-mis12,0.655034206543464,0.00686823483171362,0.731520235542954
gene,gene-mkrn2,1.25386015405032,0.046648798763271,0.731520235542954
gene,gene-mllt11,0.908081634667429,0.0225921734085587,0.731520235542954
gene,gene-morf4l1,1.41450923057946,0.0356361263447347,0.731520235542954
gene,gene-morn3,0.867122664022969,0.0391303233943214,0.731520235542954
gene,gene-mphosph6,0.711733850755867,0.039410487786348,0.731520235542954
gene,gene-mrm2,1.15885323408303,0.0304726308919041,0.731520235542954
gene,gene-mrpl20,1.37921432406275,0.00692557977788189,0.731520235542954
gene,gene-mrpl28,1.27952267882633,0.0339601393581659,0.731520235542954
gene,gene-mrpl35,0.864646448720417,0.0434756805277434,0.731520235542954
gene,gene-mrps11,0.760450024143442,0.0456559157524337,0.731520235542954
gene,gene-mrps2,1.3414914047092,0.00817065873675626,0.731520235542954
gene,gene-mthfd1b,2.24962058326201,0.0158115246730504,0.731520235542954
gene,gene-mtif3,1.51937989209981,0.00408510694099018,0.731520235542954
gene,gene-myclb,0.792252381196555,0.0236911265530495,0.731520235542954
gene,gene-myct1b,1.31966837391989,0.00183029459533457,0.731520235542954
gene,gene-mydgf,1.55647152057269,0.0130693051569387,0.731520235542954
gene,gene-myg1,0.732107670111078,0.0356585586380531,0.731520235542954
gene,gene-n6amt1,1.16077710304095,0.0197079527432036,0.731520235542954
gene,gene-naa38,1.27943171596713,0.0358194147673162,0.731520235542954
gene,gene-nampt1,0.823336361448952,0.0400982311464908,0.731520235542954
gene,gene-narf,0.679403187828247,0.0196962096889457,0.731520235542954
gene,gene-ncdn,0.794082127941188,0.034400428682662,0.731520235542954
gene,gene-ndufaf6,0.715225911239607,0.00114539386874246,0.731520235542954
gene,gene-ndufb2,0.736951639382054,0.0192766886491852,0.731520235542954
gene,gene-nfe2l2a,1.52641192885855,0.02768114387278,0.731520235542954
gene,gene-nfkbiab,1.36516054096765,0.0456060559337984,0.731520235542954
gene,gene-nipsnap3a,1.520107457931,0.0235575106261496,0.731520235542954
gene,gene-nit1,1.52090601163083,0.00740646621017316,0.731520235542954
gene,gene-nol12,0.853492515939819,0.0369138364623889,0.731520235542954
gene,gene-nomo,0.750937952587607,0.0403770516265467,0.731520235542954
gene,gene-npc1,0.774156369772858,0.0427248094184298,0.731520235542954
gene,gene-nr1d2b,0.665831531888375,0.0190256768936443,0.731520235542954
gene,gene-nr1h4,1.65565118231051,0.0336391746642372,0.731520235542954
gene,gene-nr5a5,1.76541956627883,0.00873199113275092,0.731520235542954
gene,gene-nrbp2b,0.618882431414661,0.0279138861539525,0.731520235542954
gene,gene-nsmce1,0.710690665408345,0.012192009978587,0.731520235542954
gene,gene-ntaq1,1.46625438737616,0.0150006244014897,0.731520235542954
gene,gene-ntd5,1.90794798732931,0.0333893923920681,0.731520235542954
gene,gene-oit3,1.84465065627272,0.0182589787096439,0.731520235542954
gene,gene-olah,1.14185894076869,0.0430779626349921,0.731520235542954
gene,gene-oma1,0.794616341888671,0.0327202712092031,0.731520235542954
gene,gene-osgn1,0.849740049249061,0.0286014151716054,0.731520235542954
gene,gene-pabir2,1.31447170012431,0.0402853096150001,0.731520235542954
gene,gene-pabpc4,3.00758930046869,0.00557509036690029,0.731520235542954
gene,gene-pacs2,2.25158492646738,0.0421130824130379,0.731520235542954
gene,gene-pafah1b3,1.91628902284568,0.00528468978773677,0.731520235542954
gene,gene-papolg,0.842136419507397,0.0376880928617971,0.731520235542954
gene,gene-parvaa,0.519362293287399,0.00874629068327137,0.731520235542954
gene,gene-pbdc1,1.37138754797863,0.0141536169098517,0.731520235542954
gene,gene-pcbd1,1.2640999914832,0.0305074911611825,0.731520235542954
gene,gene-pctp,0.854077422891045,0.0215835936137825,0.731520235542954
gene,gene-pdap1b,0.557716074626643,0.0110648792293349,0.731520235542954
gene,gene-pdcd4a,1.7628756016108,0.0157636212312414,0.731520235542954
gene,gene-pdk4,1.8904081114939,0.0360692383880798,0.731520235542954
gene,gene-pfdn6,1.23014653132671,0.00390143357200712,0.731520235542954
gene,gene-pgls,0.850799393353874,0.0455756537951982,0.731520235542954
gene,gene-pgm1,1.7833603461379,0.0213815061724368,0.731520235542954
gene,gene-pgrmc1,1.25190714731887,0.0293121537434925,0.731520235542954
gene,gene-phf11,0.941293819924719,0.0369260335615478,0.731520235542954
gene,gene-phf5a,0.755398040267356,0.0267501516932405,0.731520235542954
gene,gene-phf6,1.86638183058597,0.00808427087688401,0.731520235542954
gene,gene-phyhd1,1.71344140980753,0.00741361874780355,0.731520235542954
gene,gene-pigl,1.47113179006999,0.0385875995499811,0.731520235542954
gene,gene-pip4k2ca,0.607411076960324,0.0173789699199683,0.731520235542954
gene,gene-plek,0.667053573786342,0.0411388231779275,0.731520235542954
gene,gene-plekhb2,1.68135836602113,0.0111617766774116,0.731520235542954
gene,gene-plin3,0.702326630575618,0.00885251201228554,0.731520235542954
gene,gene-plod3,1.97927246725157,0.0130674461954913,0.731520235542954
gene,gene-plpbp,1.18591249554684,0.0271978524699128,0.731520235542954
gene,gene-plpp1a,1.56292169943179,0.0406357686542387,0.731520235542954
gene,gene-pno1,1.20417222974846,0.0397444607989995,0.731520235542954
gene,gene-polr1d,0.758634162220631,0.0258784587283283,0.731520235542954
gene,gene-polr2j,1.36248235913477,0.0241493302834517,0.731520235542954
gene,gene-polr3f,0.761617084526444,0.0331410731814944,0.731520235542954
gene,gene-polr3glb,0.692164226693039,0.00572947338864704,0.731520235542954
gene,gene-pop7,1.3973532722135,0.013941750518623,0.731520235542954
gene,gene-popdc3,1.13095712039106,0.0172220641130778,0.731520235542954
gene,gene-ppa1b,0.718836873646923,0.0207091638598162,0.731520235542954
gene,gene-ppil3,1.18060530020626,0.0283708389666779,0.731520235542954
gene,gene-ppm1bb,1.39458251071968,0.0257307633135729,0.731520235542954
gene,gene-ppm1ka,0.855512853220044,0.0180567481641376,0.731520235542954
gene,gene-ppm1lb,1.28267749994427,0.00483000100175124,0.731520235542954
gene,gene-ppp1r10,0.825221123493206,0.0310173855765432,0.731520235542954
gene,gene-ppp1r3b,1.76261172325573,0.0142608226407213,0.731520235542954
gene,gene-ppp2cab,0.620897579719791,0.0499793239911857,0.731520235542954
gene,gene-prdm2b,0.869010403077516,0.0206905530574281,0.731520235542954
gene,gene-prelid1a,1.14085101832049,0.0479820789727855,0.731520235542954
gene,gene-prkab1b,1.27635292053548,0.0159607071148671,0.731520235542954
gene,gene-prr15lb,1.54632463966946,0.0188104240486529,0.731520235542954
gene,gene-psma4,0.646606513760093,0.0267916349422366,0.731520235542954
gene,gene-psma6b,0.846936362406527,0.0454384417796599,0.731520235542954
gene,gene-psmb3,0.761889981974144,0.0433015199980127,0.731520235542954
gene,gene-psmb4,0.759526083645082,0.0205914851135701,0.731520235542954
gene,gene-psmb7,0.748505718949021,0.0111555257485358,0.731520235542954
gene,gene-psmd13,0.79392597671147,0.0490981626440038,0.731520235542954
gene,gene-psmd14,0.808545784010553,0.0379115497781218,0.731520235542954
gene,gene-psmd7,0.840573413746185,0.0388796664423842,0.731520235542954
gene,gene-pter,1.62712330853682,0.0452909430018421,0.731520235542954
gene,gene-ptp4a2b,1.55616056161437,0.0176578790522877,0.731520235542954
gene,gene-ptrhd1,1.35838941478275,0.0164591928310043,0.731520235542954
gene,gene-rad18,0.668968824536578,0.0166744082305967,0.731520235542954
gene,gene-rasl11a,1.87844022376277,0.0145420842696069,0.731520235542954
gene,gene-rbis,2.60547019474665,0.0162435323537056,0.731520235542954
gene,gene-rbp4,1.45010271162054,0.0035743902022598,0.731520235542954
gene,gene-rexo1,0.901426092301263,0.0123669512021253,0.731520235542954
gene,gene-rgrb,0.818985701845934,0.029609936335282,0.731520235542954
gene,gene-rhag,1.73083786390105,0.0198559032948078,0.731520235542954
gene,gene-rhogb,0.620484712597412,0.0375000868123148,0.731520235542954
gene,gene-rhogd,1.91146458685482,0.001719477712401,0.731520235542954
gene,gene-rmdn3,1.4887746172022,0.0250985381204251,0.731520235542954
gene,gene-rmnd1,1.38570471984786,0.0354270403719286,0.731520235542954
gene,gene-rnf115a,1.40929790797546,0.0478076192420782,0.731520235542954
gene,gene-rnf11a,1.71464688840478,0.0124003345560307,0.731520235542954
gene,gene-rnf20,0.800762431527024,0.0480667906911412,0.731520235542954
gene,gene-rnf25,1.30269021740861,0.0350812785056455,0.731520235542954
gene,gene-rpl10,1.19738862122249,0.0493803088973404,0.731520235542954
gene,gene-rpl13,1.19624040388629,0.0418690481494789,0.731520235542954
gene,gene-rpl18a,1.14544011877116,0.0474874586569256,0.731520235542954
gene,gene-rpl3,1.32412236293152,0.0265135314907115,0.731520235542954
gene,gene-rpusd1,1.53822989629279,0.0226057375190779,0.731520235542954
gene,gene-rrm2b,1.9111815635858,0.000482491134382812,0.731520235542954
gene,gene-rsad2,1.48503335088568,0.0449386427245564,0.731520235542954
gene,gene-rtf2,1.72524878895366,0.0180558563449431,0.731520235542954
gene,gene-rundc1,0.841433359238648,0.0177941237314374,0.731520235542954
gene,gene-rwdd1,0.786683663280171,0.00192506406943671,0.731520235542954
gene,gene-samsn1a,0.753435256224146,0.0411764834383375,0.731520235542954
gene,gene-saraf,0.670456382913015,0.0369289335662407,0.731520235542954
gene,gene-scrn2,1.45955591793589,0.0241595327968036,0.731520235542954
gene,gene-sec23ip,0.760950683971269,0.0304447547148725,0.731520235542954
gene,gene-sec61b,0.761645217673231,0.0298344514599462,0.731520235542954
gene,gene-septin2,0.373307478069098,0.00301693855199758,0.731520235542954
gene,gene-serp1,1.19310552388816,0.012844710676934,0.731520235542954
gene,gene-sfxn2,2.29927634940235,0.00367390492619601,0.731520235542954
gene,gene-sgpp1b,1.69133359496498,0.00683142775646739,0.731520235542954
gene,gene-sh3bgrl3,1.52405743933718,0.0119437420845644,0.731520235542954
gene,gene-sh3d21,0.782672505479786,0.0197111036095146,0.731520235542954
gene,gene-si:ch1073-44g3.1,1.45598067166503,0.025179537458399,0.731520235542954
gene,gene-si:ch211-113e8.11,1.34234664988636,0.0478994101505948,0.731520235542954
gene,gene-si:ch211-221j21.3,1.25565182583767,0.0322878866420967,0.731520235542954
gene,gene-si:dkey-238d18.4,1.2617130048201,0.0376350781785504,0.731520235542954
gene,gene-si:dkey-261l7.2,0.422040719236645,0.0350805480749224,0.731520235542954
gene,gene-si:dkey-27i16.2,0.840034034188319,0.0142111499437083,0.731520235542954
gene,gene-si:dkey-86e18.1,1.26658305046507,0.029573382613767,0.731520235542954
gene,gene-sil1,0.525322224182697,0.0232719493455869,0.731520235542954
gene,gene-slc25a48,1.78083081463814,0.0118856493791244,0.731520235542954
gene,gene-slc29a3,0.462911222483198,0.0250417036378574,0.731520235542954
gene,gene-slc31a2,1.22637414337547,0.0300008571416541,0.731520235542954
gene,gene-slc35a3a,0.780859122951853,0.0472442280192924,0.731520235542954
gene,gene-slc38a5b,1.86717595609153,0.0372445873294913,0.731520235542954
gene,gene-slc7a9,0.658406686940344,0.0160799232579552,0.731520235542954
gene,gene-smad3a,0.751019807324098,0.0186854477655669,0.731520235542954
gene,gene-smarca4a,0.620905104551659,0.0380828573005295,0.731520235542954
gene,gene-smim15,0.821470809274741,0.0386733136079922,0.731520235542954
gene,gene-smim8,1.24251579792969,0.0388183111845759,0.731520235542954
gene,gene-snapc5,1.18871168837384,0.0191598119538421,0.731520235542954
gene,gene-snrpd2,0.599127547765079,0.0106495919103686,0.731520235542954
gene,gene-soul5,1.5359338363525,0.0237340559162682,0.731520235542954
gene,gene-sp3a,0.723596095821828,0.0259679244529465,0.731520235542954
gene,gene-spc25,0.705575379986949,0.0461296836363869,0.731520235542954
gene,gene-spra,1.2778799478528,0.014582122000623,0.731520235542954
gene,gene-spryd4,1.25067384093037,0.00475520603491275,0.731520235542954
gene,gene-spsb3a,0.767945413940936,0.0308714811735302,0.731520235542954
gene,gene-sqor,1.73147775017098,0.00811684065284868,0.731520235542954
gene,gene-srek1,1.42835965911799,0.0339921762693937,0.731520235542954
gene,gene-srr,1.53374836486582,0.0225503271402716,0.731520235542954
gene,gene-srsf10a,1.53261545179399,0.0428968652396186,0.731520235542954
gene,gene-srsf2a,1.37795098793028,0.034826078810801,0.731520235542954
gene,gene-ssna1,1.19635327536968,0.0420650091125233,0.731520235542954
gene,gene-ssr1,0.486746160146335,0.0313962035441304,0.731520235542954
gene,gene-sst1.1,1.1928175267868,0.0331083256450735,0.731520235542954
gene,gene-st3gal5,1.87300815580119,0.0101467324688916,0.731520235542954
gene,gene-stk11,0.679362340095495,0.0195601163072141,0.731520235542954
gene,gene-stk24b,0.689954812145118,0.0110482482032697,0.731520235542954
gene,gene-stom,2.04702941404376,0.01446515806452,0.731520235542954
gene,gene-stx16,0.585864359838228,0.0138665427366649,0.731520235542954
gene,gene-suclg2,1.82456327256062,0.0286821179228161,0.731520235542954
gene,gene-sypl2b,1.87306399606684,0.0487531301287629,0.731520235542954
gene,gene-taf11,1.17450421316173,0.0340603082312727,0.731520235542954
gene,gene-taf9,1.47091352268815,0.0442657455090013,0.731520235542954
gene,gene-tafazzin,0.627195475169208,0.0105391488001013,0.731520235542954
gene,gene-tagln3b,1.63125131126088,0.00854290672558999,0.731520235542954
gene,gene-tap1,0.532996286481811,0.0137149503874945,0.731520235542954
gene,gene-tbc1d17,0.788156374150237,0.0381729750979041,0.731520235542954
gene,gene-tcerg1b,0.75036517628609,0.0336959310394419,0.731520235542954
gene,gene-tcn2,1.58059359363547,0.0360462367436886,0.731520235542954
gene,gene-tcp1,1.23225160504105,0.0425952358119654,0.731520235542954
gene,gene-tfpt,0.786898277151201,0.0464507765950801,0.731520235542954
gene,gene-thnsl2,0.655560540046606,0.0426691030922237,0.731520235542954
gene,gene-thop1,0.549333521820024,0.00269990236334006,0.731520235542954
gene,gene-tiparp,0.914050278296199,0.0135011950582786,0.731520235542954
gene,gene-tk1,0.624254644622159,0.0256908526212727,0.731520235542954
gene,gene-tlr3,1.66326317226105,0.0202528478457427,0.731520235542954
gene,gene-tm9sf1,0.618690678480816,0.0103009658132941,0.731520235542954
gene,gene-tm9sf4,0.321437696327524,0.00302910568731574,0.731520235542954
gene,gene-tmcc1a,1.2513590085359,0.0153102721326631,0.731520235542954
gene,gene-tmem106bb,1.49734764968645,0.0345594885640372,0.731520235542954
gene,gene-tmem127,1.44198223980784,0.0387776905548713,0.731520235542954
gene,gene-tmem14ca,1.32859375040973,0.0189891775208114,0.731520235542954
gene,gene-tmem150c,1.43802639414793,0.0453275122419572,0.731520235542954
gene,gene-tmem205,3.08951261132769,0.0225040861844631,0.731520235542954
gene,gene-tmem234,0.64449500307484,0.0328493967475336,0.731520235542954
gene,gene-tmem251,1.28979477502538,0.0375174006045282,0.731520235542954
gene,gene-tmem30c,0.606602572575583,0.000828267413345407,0.731520235542954
gene,gene-tmem38a,1.48009114354694,0.0185029747806956,0.731520235542954
gene,gene-tmem9,1.487000707957,0.0251501980950215,0.731520235542954
gene,gene-tmprss15,0.539316261357745,0.0222448851044599,0.731520235542954
gene,gene-tmsb4x,0.777703578917306,0.0266016615272291,0.731520235542954
gene,gene-tomm20b,1.20322985672785,0.0137964782872759,0.731520235542954
gene,gene-tpi1b,0.740086541589604,0.0210926266825409,0.731520235542954
gene,gene-tpra,0.782575597289372,0.0104865728889323,0.731520235542954
gene,gene-trappc2,1.20988776290694,0.03321392651792,0.731520235542954
gene,gene-trim16,1.48011345656593,0.016914980298775,0.731520235542954
gene,gene-trmu,0.829029026924497,0.0312900873921602,0.731520235542954
gene,gene-trnak-uuu-6,1.07604401920695,0.0395672511639692,0.731520235542954
gene,gene-trnas-gcu-8,0.868715869820912,0.049614164138072,0.731520235542954
gene,gene-trnat-ugu-6,1.20191873351905,0.0277787660372721,0.731520235542954
gene,gene-tsen34,0.877738737217041,0.0393121465140236,0.731520235542954
gene,gene-tspan14,1.4585005130074,0.0338151715774307,0.731520235542954
gene,gene-tspan3a,1.21147895566886,0.0238741161288885,0.731520235542954
gene,gene-tspan4b,1.59656415460086,0.0382164610977845,0.731520235542954
gene,gene-tspan7,1.17759838312916,0.0358085955935259,0.731520235542954
gene,gene-ttc33,1.39928677370879,0.0146417357399077,0.731520235542954
gene,gene-ttc38,1.52879843431391,0.0383532501095217,0.731520235542954
gene,gene-txndc12,0.670468681000565,0.0444038444914168,0.731520235542954
gene,gene-txnipa,1.5106404664787,0.0131303664695173,0.731520235542954
gene,gene-txnl1,0.830568899566552,0.0231558532629461,0.731520235542954
gene,gene-ube2g1b,0.547673177816028,0.0144864270627474,0.731520235542954
gene,gene-ugcg,0.667430513076627,0.000173341897994672,0.731520235542954
gene,gene-ulk3,0.764395238230602,0.0394587089334908,0.731520235542954
gene,gene-uox,1.43989249251726,0.0235672334369443,0.731520235542954
gene,gene-usp32,0.880272576405629,0.0431516536657849,0.731520235542954
gene,gene-vapal,1.28101535371834,0.00986718533638509,0.731520235542954
gene,gene-vhl,1.47057085591506,0.0178190096038022,0.731520235542954
gene,gene-vma21,1.25442366647041,0.0311763522247934,0.731520235542954
gene,gene-vta1,0.650581150712289,0.0270950210999263,0.731520235542954
gene,gene-wipi2,1.34816641550124,0.0419908539337508,0.731520235542954
gene,gene-wu:fa19b12,1.27600390494143,0.0237202347490764,0.731520235542954
gene,gene-ydjc,0.91149234587814,0.0258904044445305,0.731520235542954
gene,gene-yipf3,1.41887196584093,0.0483900459587523,0.731520235542954
gene,gene-yju2b,1.41293926495061,0.0372803524406004,0.731520235542954
gene,gene-ypel3,1.35409954847015,0.0358098889782853,0.731520235542954
gene,gene-ythdf1,0.813156745698038,0.0430666983146636,0.731520235542954
gene,gene-yy1a,1.30601656355097,0.0433411450249614,0.731520235542954
gene,gene-yy1b,1.27735561206413,0.00957683433392498,0.731520235542954
gene,gene-zbed4,1.48894399314914,0.0449164275195399,0.731520235542954
gene,gene-zbtb20,1.91890008049591,0.0151715713747019,0.731520235542954
gene,gene-zbtb22a,0.748024908527218,0.0468388782843498,0.731520235542954
gene,gene-zfand1,1.55848788135744,0.00124472811835608,0.731520235542954
gene,gene-zfand2a,1.25346435235518,0.0365762463825442,0.731520235542954
gene,gene-zgc:101858,0.665579923022843,0.022336346484334,0.731520235542954
gene,gene-zgc:113263,0.883071385635583,0.0403723027000755,0.731520235542954
gene,gene-zgc:123258,1.25037045107868,0.0417587903223545,0.731520235542954
gene,gene-zgc:158403,0.727319582667623,0.00876256670347464,0.731520235542954
gene,gene-zgc:158803,0.605076722708494,0.0105024602807686,0.731520235542954
gene,gene-zgc:56095,1.69380966392165,0.0105059203306648,0.731520235542954
gene,gene-zmat5,1.24145416775269,0.0446945823510654,0.731520235542954
gene,gene-znf384b,1.64819150642414,0.0362380657518189,0.731520235542954
gene,gene-znf451,1.29804432479799,0.0215720659464389,0.731520235542954
gene,gene-znf622,0.71289568985734,0.0261675798751648,0.731520235542954
