geneNames,geneIDs,feature,id,fc,pval,qval
abhd14a,gene-abhd14a,transcript,60,0.674753221422441,0.0372103635999635,0.739815228191825
LOC132465650,gene-LOC132465650,transcript,467,1.75619374313028,0.0252552275250153,0.739815228191825
n6amt1,gene-n6amt1,transcript,553,1.15446815703663,0.0247603538263612,0.739815228191825
LOC132466378,gene-LOC132466378,transcript,599,0.824387962409548,0.0170201322768343,0.739815228191825
LOC132466774,gene-LOC132466774,transcript,639,1.25085946423748,0.010103925995758,0.739815228191825
sarnp,gene-sarnp,transcript,714,0.77902476599345,0.0472607034427815,0.739815228191825
kansl2,gene-kansl2,transcript,721,1.32477404769406,0.0101801715702434,0.739815228191825
pip4k2ca,gene-pip4k2ca,transcript,738,0.617674799125262,0.0226212586614239,0.739815228191825
hsd17b10,gene-hsd17b10,transcript,753,1.47761581126461,0.0385542844473806,0.739815228191825
rpl10,gene-rpl10,transcript,776,1.20810172747295,0.0428323604861959,0.739815228191825
tafazzin,gene-tafazzin,transcript,782,0.628073441414123,0.00955061173103022,0.739815228191825
plpbp,gene-plpbp,transcript,798,1.19084500214892,0.0249552274979299,0.739815228191825
tm9sf4,gene-tm9sf4,transcript,814,0.33116104804807,0.00382419818232127,0.739815228191825
b4galnt1a,gene-b4galnt1a,transcript,868,0.575416488340004,0.0204390804323891,0.739815228191825
mfsd5,gene-mfsd5,transcript,913,1.51474625155218,0.0174175301947304,0.739815228191825
LOC132460399,gene-LOC132460399,transcript,956,1.18985095655302,1.45236141410043e-05,0.256545120186701
slc48a1a,gene-slc48a1a,transcript,1014,1.35813338164758,0.0429313591622664,0.739815228191825
ythdf1,gene-ythdf1,transcript,1117,0.816087896384979,0.0470165182428033,0.739815228191825
fkbp1aa,gene-fkbp1aa,transcript,1129,1.26685593572762,0.0248730228450391,0.739815228191825
LOC132465120,gene-LOC132465120,transcript,1201,0.696801831934984,0.0276742040406638,0.739815228191825
LOC132468228,gene-LOC132468228,transcript,1249,1.69250326598976,0.00831128207340059,0.739815228191825
spryd4,gene-spryd4,transcript,1326,1.24903254854077,0.00492669677937108,0.739815228191825
LOC132473155,gene-LOC132473155,transcript,1330,0.650080724094613,0.0262754248954329,0.739815228191825
ptges3b,gene-ptges3b,transcript,1343,0.429123400941317,0.00130582387108635,0.739815228191825
ptges3b,gene-ptges3b,transcript,1344,1.2353863497034,0.0301216837402499,0.739815228191825
tmcc1a,gene-tmcc1a,transcript,1512,1.47383492794531,0.0158511684207568,0.739815228191825
LOC132452323,gene-LOC132452323,transcript,1523,0.63946802098041,0.0277414923336265,0.739815228191825
LOC132454637,gene-LOC132454637,transcript,1763,0.69278672654694,0.0443884752804371,0.739815228191825
LOC132461691,gene-LOC132461691,transcript,2146,0.767637881760608,0.03250973158732,0.739815228191825
idh3g,gene-idh3g,transcript,2151,0.72320984388694,0.0226483745291288,0.739815228191825
LOC132456647,gene-LOC132456647,transcript,2261,0.721334509034974,0.0267197908619422,0.739815228191825
LOC132456978,gene-LOC132456978,transcript,2295,1.07723792338111,0.0338966432119323,0.739815228191825
hyal3,gene-hyal3,transcript,2386,0.741716014169208,0.0358247470140247,0.739815228191825
LOC132457749,gene-LOC132457749,transcript,2417,0.646033630946928,0.035365027870764,0.739815228191825
LOC132458181,gene-LOC132458181,transcript,2488,0.645844482863785,0.0281838299439059,0.739815228191825
gss,gene-gss,transcript,2532,0.64369684876905,0.0216901851070435,0.739815228191825
LOC132463046,gene-LOC132463046,transcript,2689,1.25240731187236,0.0176653303687022,0.739815228191825
LOC132458823,gene-LOC132458823,transcript,2778,1.9100149485518,0.0247607292698591,0.739815228191825
LOC132459286,gene-LOC132459286,transcript,2873,2.43410113164772,0.0120777262964749,0.739815228191825
tardbpa,gene-tardbpa,transcript,3004,1.53291030918344,0.025699697822904,0.739815228191825
lzic,gene-lzic,transcript,3011,1.37165142468965,0.0240255504088167,0.739815228191825
slc38a5b,gene-slc38a5b,transcript,3142,1.88280781653397,0.0329155464239187,0.739815228191825
wipi2,gene-wipi2,transcript,3191,1.36664966455982,0.0277986682070973,0.739815228191825
pdap1b,gene-pdap1b,transcript,3209,0.565271070096654,0.0130638420608512,0.739815228191825
LOC132470331,gene-LOC132470331,transcript,3229,0.912628603565148,0.019132105335091,0.739815228191825
alyref,gene-alyref,transcript,3239,0.597466766331436,0.0431498919502725,0.739815228191825
LOC132470436,gene-LOC132470436,transcript,3245,1.13316555886436,0.000747794794161871,0.739815228191825
spsb3a,gene-spsb3a,transcript,3256,0.786443815164307,0.0302815768164523,0.739815228191825
dhrs7b,gene-dhrs7b,transcript,3271,1.34441336360791,0.00593219596939898,0.739815228191825
b9d1,gene-b9d1,transcript,3301,0.944435640320781,0.0499210300224423,0.739815228191825
LOC132470604,gene-LOC132470604,transcript,3308,1.39888472088538,0.006433889004958,0.739815228191825
LOC132471008,gene-LOC132471008,transcript,3375,1.52350683441295,0.00430366233906321,0.739815228191825
LOC132471659,gene-LOC132471659,transcript,3432,1.23423634500181,0.00946091869332411,0.739815228191825
akt1s1,gene-akt1s1,transcript,3512,1.70596051521716,0.0339527389711988,0.739815228191825
rundc1,gene-rundc1,transcript,3529,0.843162719519602,0.0228645647048522,0.739815228191825
slc25a39,gene-slc25a39,transcript,3534,1.74268527900744,0.0351117008520656,0.739815228191825
rpl3,gene-rpl3,transcript,3536,1.33472680162093,0.0228272728809078,0.739815228191825
ypel3,gene-ypel3,transcript,3585,1.35516415431871,0.0347083905700295,0.739815228191825
rac2,gene-rac2,transcript,3601,0.724929658872074,0.0211032597804951,0.739815228191825
pex12,gene-pex12,transcript,3625,1.40536343588194,0.0377242506763841,0.739815228191825
LOC132472421,gene-LOC132472421,transcript,3672,1.17265117037266,0.0056413623069993,0.739815228191825
tmem205,gene-tmem205,transcript,3697,3.59526810203975,0.0149631737523207,0.739815228191825
epor,gene-epor,transcript,3702,1.55557171858219,0.0299554938917319,0.739815228191825
zgc:158403,gene-zgc:158403,transcript,3710,0.730719710090569,0.009736974693211,0.739815228191825
fmc1,gene-fmc1,transcript,3791,1.24349113912252,0.0109140423328827,0.739815228191825
nol12,gene-nol12,transcript,3809,0.85317280875187,0.0341022707845109,0.739815228191825
LOC132474383,gene-LOC132474383,transcript,3897,1.92399590461971,0.0407374887600936,0.739815228191825
cldnk,gene-cldnk,transcript,3917,0.872609860778818,0.0132607300659421,0.739815228191825
LOC132446180,gene-LOC132446180,transcript,3939,1.36186595564146,0.00287412488601491,0.739815228191825
LOC132446395,gene-LOC132446395,transcript,3970,1.56908309943743,0.00915049609251417,0.739815228191825
nr5a5,gene-nr5a5,transcript,4028,1.66750969429386,0.0302630127981478,0.739815228191825
soul5,gene-soul5,transcript,4030,1.52700152979775,0.0252540525976066,0.739815228191825
LOC132446812,gene-LOC132446812,transcript,4042,1.40399039316459,0.031937092417881,0.739815228191825
mrm2,gene-mrm2,transcript,4193,1.15901318074013,0.0290524197254818,0.739815228191825
LOC132453131,gene-LOC132453131,transcript,4210,0.689979259788719,0.0289475793132099,0.739815228191825
LOC132447987,gene-LOC132447987,transcript,4211,0.521554344529037,0.0209235607270917,0.739815228191825
LOC132447942,gene-LOC132447942,transcript,4248,1.29277083363279,0.0222805266088221,0.739815228191825
dhx58,gene-dhx58,transcript,4275,1.81206674181286,0.0264898588448914,0.739815228191825
rpusd1,gene-rpusd1,transcript,4343,1.55274552155098,0.0205802712003748,0.739815228191825
LOC132448421,gene-LOC132448421,transcript,4363,0.900147190223721,0.0350074173453797,0.739815228191825
tlk2,gene-tlk2,transcript,4443,0.853004344696055,0.0406811444157474,0.739815228191825
LOC132449814,gene-LOC132449814,transcript,4509,0.765017502437337,0.034086291935163,0.739815228191825
gid4,gene-gid4,transcript,4586,0.675509925024189,0.0140768615856575,0.739815228191825
LOC132450208,gene-LOC132450208,transcript,4641,0.743242911229084,0.0312671105583333,0.739815228191825
LOC132450310,gene-LOC132450310,transcript,4659,0.865118440068998,0.0307482704666434,0.739815228191825
LOC132450717,gene-LOC132450717,transcript,4712,0.547336223792708,0.0472674797031818,0.739815228191825
LOC132472770,gene-LOC132472770,transcript,4843,0.871231309812001,0.0493923892975707,0.739815228191825
LOC132451675,gene-LOC132451675,transcript,5109,1.4028367846989,0.0247986459519429,0.739815228191825
smarca4a,gene-smarca4a,transcript,5126,0.67651429290084,0.0475173496241974,0.739815228191825
LOC132453136,gene-LOC132453136,transcript,5131,0.905059895628085,0.0249623182513594,0.739815228191825
ddx17,gene-ddx17,transcript,5207,1.12108269433759,0.022111747860702,0.739815228191825
pctp,gene-pctp,transcript,5218,0.85816402771199,0.0276167383705572,0.739815228191825
LOC132452504,gene-LOC132452504,transcript,5238,0.939867211495913,0.0380604376032121,0.739815228191825
dexi,gene-dexi,transcript,5463,1.42678964152609,0.00902082947552652,0.739815228191825
prmt1,gene-prmt1,transcript,5472,0.489836123964686,0.0468946392774456,0.739815228191825
efcab11,gene-efcab11,transcript,5494,1.44354091521746,0.0364539445743883,0.739815228191825
tspan4b,gene-tspan4b,transcript,5502,1.58821104581631,0.0373409083303733,0.739815228191825
coil,gene-coil,transcript,5624,1.10252822601731,0.0114807520436037,0.739815228191825
LOC132453348,gene-LOC132453348,transcript,5821,1.16982411549486,0.0488673401300874,0.739815228191825
LOC132453302,gene-LOC132453302,transcript,5854,1.38443729792027,0.0457802815899855,0.739815228191825
dctd,gene-dctd,transcript,5940,0.626347239266127,0.0378075824871191,0.739815228191825
saraf,gene-saraf,transcript,5942,0.669127229420326,0.0334606490409457,0.739815228191825
znf207b,gene-znf207b,transcript,6129,0.715569906429751,0.0105246312450875,0.739815228191825
znf207b,gene-znf207b,transcript,6130,0.871311667621873,0.0494386063052912,0.739815228191825
rnf11a,gene-rnf11a,transcript,6187,1.90233184772954,0.0118522416281749,0.739815228191825
fdx2,gene-fdx2,transcript,6196,0.686117330608826,0.0458448230631089,0.739815228191825
LOC132454010,gene-LOC132454010,transcript,6335,1.25722504689817,0.000384420378092942,0.739815228191825
yju2b,gene-yju2b,transcript,6336,1.43085804660467,0.0341034983614241,0.739815228191825
LOC132454082,gene-LOC132454082,transcript,6459,0.764829874427408,0.00302116426467214,0.739815228191825
aip,gene-aip,transcript,6468,1.55609478594823,0.0198924277773626,0.739815228191825
si:ch211-113e8.11,gene-si:ch211-113e8.11,transcript,6481,1.34519098557104,0.041437703109401,0.739815228191825
ap1m2,gene-ap1m2,transcript,6532,1.28924199742153,0.0420232872242332,0.739815228191825
rnaseh2a,gene-rnaseh2a,transcript,6542,0.791555332628746,0.0399321485534803,0.739815228191825
zgc:158803,gene-zgc:158803,transcript,6547,0.579419623119946,0.00690646817361529,0.739815228191825
LOC132453432,gene-LOC132453432,transcript,6582,0.614405081528909,0.0404970384729256,0.739815228191825
LOC132453425,gene-LOC132453425,transcript,6609,1.30271835159842,0.0422938140285078,0.739815228191825
fam83fb,gene-fam83fb,transcript,6689,0.761895232457902,0.0163270341873463,0.739815228191825
rps19bp1,gene-rps19bp1,transcript,6710,0.782374406166375,0.0441925820282418,0.739815228191825
LOC132454262,gene-LOC132454262,transcript,6749,1.94966719664426,0.0199986082817525,0.739815228191825
arhgef38,gene-arhgef38,transcript,6846,1.90471212610989,0.0256496244492841,0.739815228191825
pdcd4a,gene-pdcd4a,transcript,6862,1.77325245205198,0.0125108142950667,0.739815228191825
tlr3,gene-tlr3,transcript,7019,1.68455654333461,0.0184741394132355,0.739815228191825
mad1l1,gene-mad1l1,transcript,7065,1.78277328049955,0.00366325926473166,0.739815228191825
LOC132454451,gene-LOC132454451,transcript,7120,1.38156651779894,0.040671898149847,0.739815228191825
gaa2,gene-gaa2,transcript,7215,0.578844381054112,0.0205373564361863,0.739815228191825
LOC132453506,gene-LOC132453506,transcript,7257,1.70831301954762,0.012233137566755,0.739815228191825
LOC132454463,gene-LOC132454463,transcript,7303,1.33179117817036,0.0406899672095156,0.739815228191825
exosc1,gene-exosc1,transcript,7330,1.24453828112593,0.0079923438005185,0.739815228191825
pex6,gene-pex6,transcript,7356,1.2606366064398,0.0328340874391371,0.739815228191825
polr3f,gene-polr3f,transcript,7437,0.753627398783904,0.0309556208950533,0.739815228191825
tomm20b,gene-tomm20b,transcript,7458,1.21161843031596,0.012321766835551,0.739815228191825
irf2bp2b,gene-irf2bp2b,transcript,7459,1.2405203581188,0.023826826868888,0.739815228191825
ero1b,gene-ero1b,transcript,7470,0.650036937151795,0.0383422462784588,0.739815228191825
gstt1b,gene-gstt1b,transcript,7515,1.52486249752276,0.0217576492765945,0.739815228191825
card14,gene-card14,transcript,7542,0.875639845404246,0.0363014674202152,0.739815228191825
dusp5,gene-dusp5,transcript,7584,1.16847520337406,0.0259815699871769,0.739815228191825
LOC132454657,gene-LOC132454657,transcript,7784,1.22268201361249,0.0367534427150952,0.739815228191825
scrn2,gene-scrn2,transcript,7789,1.42764174867488,0.0202722933210393,0.739815228191825
psmb3,gene-psmb3,transcript,7793,0.76052137443587,0.0407400029343514,0.739815228191825
klf1,gene-klf1,transcript,7926,1.39509197888515,0.00656465822050267,0.739815228191825
LOC132453634,gene-LOC132453634,transcript,7939,1.376191364239,0.0178386981522172,0.739815228191825
nomo,gene-nomo,transcript,7965,0.757828360514003,0.0493873642927894,0.739815228191825
tk1,gene-tk1,transcript,7987,0.61780998807988,0.0232113771101587,0.739815228191825
krt94,gene-krt94,transcript,8024,0.772694738897837,0.0195784102286448,0.739815228191825
c3h19orf53,gene-c3h19orf53,transcript,8109,1.3804143927707,0.026855466284835,0.739815228191825
zgc:113263,gene-zgc:113263,transcript,8186,0.88658085444363,0.0493855459506208,0.739815228191825
rpl18a,gene-rpl18a,transcript,8286,1.15199040975861,0.0421049232116006,0.739815228191825
LOC132454972,gene-LOC132454972,transcript,8422,0.784381501371219,0.0329451982174969,0.739815228191825
cdc123,gene-cdc123,transcript,8510,0.669975388715328,0.0453062146592681,0.739815228191825
nfyba,gene-nfyba,transcript,8553,1.63698326926546,0.00583556205731539,0.739815228191825
fgfr1op2,gene-fgfr1op2,transcript,8584,1.38865828443736,0.0243959702918608,0.739815228191825
LOC132455054,gene-LOC132455054,transcript,8650,1.33056688398731,0.00564389076537497,0.739815228191825
ccdc107,gene-ccdc107,transcript,8743,0.719424611794468,0.0214067124310104,0.739815228191825
pbdc1,gene-pbdc1,transcript,8914,1.37970578596389,0.0109533976342082,0.739815228191825
mfhas1,gene-mfhas1,transcript,8931,1.76432812933473,0.00974502177294245,0.739815228191825
ppp1r3b,gene-ppp1r3b,transcript,8934,1.76925178786527,0.0134569575052553,0.739815228191825
plpp1a,gene-plpp1a,transcript,8966,1.57993266143918,0.030561490412817,0.739815228191825
ube2g1b,gene-ube2g1b,transcript,9004,0.558374537269247,0.0197743571335569,0.739815228191825
arpc3,gene-arpc3,transcript,9005,0.864624388060629,0.0358442550600373,0.739815228191825
aldh7a1,gene-aldh7a1,transcript,9067,0.404022819846715,0.00316083100810838,0.739815228191825
aldh7a1,gene-aldh7a1,transcript,9068,1.99785269424398,0.000641592618502607,0.739815228191825
psmb7,gene-psmb7,transcript,9087,0.737389320431503,0.00989329481989254,0.739815228191825
thnsl2,gene-thnsl2,transcript,9141,0.632695339721377,0.0195012911706951,0.739815228191825
dqx1,gene-dqx1,transcript,9143,0.734147826242302,0.0142318331719006,0.739815228191825
spra,gene-spra,transcript,9145,1.28289658245946,0.0120092856503575,0.739815228191825
ssna1,gene-ssna1,transcript,9184,1.20162942684442,0.0335045522040109,0.739815228191825
LOC132455903,gene-LOC132455903,transcript,9198,0.823965665441312,0.0290687841073751,0.739815228191825
morn3,gene-morn3,transcript,9260,0.885218327998889,0.0308530699895611,0.739815228191825
LOC132455957,gene-LOC132455957,transcript,9308,0.632265586984596,0.0163432568472091,0.739815228191825
LOC132456001,gene-LOC132456001,transcript,9363,1.16826899853913,0.0372173029461619,0.739815228191825
zmat5,gene-zmat5,transcript,9400,1.2731989999968,0.0380115934311216,0.739815228191825
anxa3b,gene-anxa3b,transcript,9488,0.522379165990903,0.0360661063064454,0.739815228191825
drg1,gene-drg1,transcript,9576,1.40044600910227,0.036317041483213,0.739815228191825
srek1,gene-srek1,transcript,9615,1.47104245093552,0.033913267857824,0.739815228191825
LOC132456144,gene-LOC132456144,transcript,9661,1.29996488894516,0.0188469606019083,0.739815228191825
c9,gene-c9,transcript,9688,0.65144012924166,0.00492426998929185,0.739815228191825
dck,gene-dck,transcript,9699,0.746200089720193,0.0274567080331354,0.739815228191825
mrps2,gene-mrps2,transcript,9765,1.3481822587609,0.00609998665496014,0.739815228191825
ttc33,gene-ttc33,transcript,9788,1.408996984914,0.0127532958567123,0.739815228191825
dmgdh,gene-dmgdh,transcript,9834,1.93805973948474,0.0415592568649634,0.739815228191825
exosc2,gene-exosc2,transcript,9894,0.727503348238838,0.0271044031506786,0.739815228191825
LOC132455531,gene-LOC132455531,transcript,10080,0.737561264933763,0.00668216194396232,0.739815228191825
LOC132455152,gene-LOC132455152,transcript,10160,1.41796149831409,0.0229680626777007,0.739815228191825
aamp,gene-aamp,transcript,10168,1.38992671069091,0.0428737307528118,0.739815228191825
stk11ip,gene-stk11ip,transcript,10427,1.15029525797107,0.0371915849188491,0.739815228191825
LOC132456406,gene-LOC132456406,transcript,10474,0.931152508955628,0.0499608734011587,0.739815228191825
stk24b,gene-stk24b,transcript,10538,0.696329993596878,0.0142187017104171,0.739815228191825
LOC132456459,gene-LOC132456459,transcript,10544,0.824941380128356,0.0160502327229237,0.739815228191825
nop58,gene-nop58,transcript,10551,1.69268947397771,0.0490260874113597,0.739815228191825
LOC132455221,gene-LOC132455221,transcript,10712,1.51739602239585,0.0312190663453794,0.739815228191825
LOC132455178,gene-LOC132455178,transcript,10779,0.820490665081982,0.0390055587103599,0.739815228191825
cpb2,gene-cpb2,transcript,11074,1.34949657214757,0.0475546425617074,0.739815228191825
LOC132455367,gene-LOC132455367,transcript,11084,0.90440182864757,0.0463197225083964,0.739815228191825
lancl1,gene-lancl1,transcript,11158,1.55465359983531,0.0371850656038597,0.739815228191825
LOC132455420,gene-LOC132455420,transcript,11174,0.939572123299548,0.0263532622837116,0.739815228191825
LOC132455392,gene-LOC132455392,transcript,11178,1.15302151829403,0.0412818569735623,0.739815228191825
senp6b,gene-senp6b,transcript,11297,0.909727711041044,0.0300887241673089,0.739815228191825
aox6,gene-aox6,transcript,11327,2.94009477590958,0.00935488848312205,0.739815228191825
LOC132457138,gene-LOC132457138,transcript,11805,1.72276714022893,0.0387408904214016,0.739815228191825
LOC132457527,gene-LOC132457527,transcript,11817,0.674819686633871,0.0153982346724773,0.739815228191825
mia2,gene-mia2,transcript,11937,1.40263209410316,0.0322046312583915,0.739815228191825
myct1b,gene-myct1b,transcript,11998,1.31962602552354,0.00173153646301427,0.739815228191825
LOC132457478,gene-LOC132457478,transcript,12026,0.883066162042694,0.0167508594097816,0.739815228191825
clmna,gene-clmna,transcript,12051,0.82219724915974,0.0261388321977836,0.739815228191825
clmna,gene-clmna,transcript,12052,0.736388175030753,0.0180235133369031,0.739815228191825
galcb,gene-galcb,transcript,12059,0.431721291220021,0.000706693365907451,0.739815228191825
LOC132457600,gene-LOC132457600,transcript,12062,0.882683755101668,0.0176238510230152,0.739815228191825
hhipl1,gene-hhipl1,transcript,12075,1.90886882093144,0.0316189952890384,0.739815228191825
nfkbiab,gene-nfkbiab,transcript,12079,1.38021249837459,0.0352319712803979,0.739815228191825
nrde2,gene-nrde2,transcript,12083,1.16091125613537,0.0241435846669535,0.739815228191825
LOC132457663,gene-LOC132457663,transcript,12153,2.54076461031627,0.0124534208505047,0.739815228191825
LOC132457663,gene-LOC132457663,transcript,12154,2.70648974690152,0.000262587333460518,0.739815228191825
LOC132457723,gene-LOC132457723,transcript,12243,1.07012837804015,0.0398056330401876,0.739815228191825
pabpc4,gene-pabpc4,transcript,12275,3.01480485243188,0.0053591818839186,0.739815228191825
fam167b,gene-fam167b,transcript,12280,1.34157906532335,0.0357581110324724,0.739815228191825
mthfd1b,gene-mthfd1b,transcript,12365,2.26669711340472,0.0127980914029481,0.739815228191825
eif2ak4,gene-eif2ak4,transcript,12403,0.752471824733326,0.0130069958803656,0.739815228191825
LOC132457865,gene-LOC132457865,transcript,12455,1.88312990290254,0.030158861406864,0.739815228191825
isca2,gene-isca2,transcript,12517,1.27898360651445,0.00168976196123527,0.739815228191825
LOC132457910,gene-LOC132457910,transcript,12518,1.17474214654864,0.0442227289757671,0.739815228191825
chmp3,gene-chmp3,transcript,12619,1.39488567465643,0.0484168407590351,0.739815228191825
mrpl35,gene-mrpl35,transcript,12622,0.864577721175004,0.0422019558163578,0.739815228191825
yy1a,gene-yy1a,transcript,12668,1.31419041774026,0.0326867468166154,0.739815228191825
pcmtl,gene-pcmtl,transcript,12681,1.40831876170102,0.00825970152914768,0.739815228191825
LOC132458033,gene-LOC132458033,transcript,12730,1.19395678058601,0.0391045293775951,0.739815228191825
rsad2,gene-rsad2,transcript,12764,1.4878615713509,0.0417813956318636,0.739815228191825
fyna,gene-fyna,transcript,12920,0.636069013299301,0.00775526455452535,0.739815228191825
LOC132458194,gene-LOC132458194,transcript,12977,1.40226737444655,0.0136599755734967,0.739815228191825
tmem234,gene-tmem234,transcript,13026,0.637484707587186,0.0356218222548634,0.739815228191825
LOC132457497,gene-LOC132457497,transcript,13049,0.779937815488939,0.0212655690282219,0.739815228191825
ola1,gene-ola1,transcript,13060,1.43737537995048,0.0453688571671578,0.739815228191825
gng7,gene-gng7,transcript,13106,1.37655611380796,0.0183464794205837,0.739815228191825
chp1,gene-chp1,transcript,13272,0.584713209162733,0.0109094568338627,0.739815228191825
pacs2,gene-pacs2,transcript,13285,2.28136802407762,0.0393199634925208,0.739815228191825
sgpp1b,gene-sgpp1b,transcript,13365,1.69094538759913,0.00673409861206653,0.739815228191825
LOC132458371,gene-LOC132458371,transcript,13415,0.889595821949075,0.0339749507872287,0.739815228191825
clec14a,gene-clec14a,transcript,13488,1.33804260445427,0.0400993439634461,0.739815228191825
hikeshi,gene-hikeshi,transcript,13552,1.24760397811985,0.00146814916554705,0.739815228191825
hectd1,gene-hectd1,transcript,13555,0.781980437581303,0.0204457016060997,0.739815228191825
LOC132457210,gene-LOC132457210,transcript,13743,1.16337165605906,0.0325931827180608,0.739815228191825
LOC132460236,gene-LOC132460236,transcript,13772,0.89064334945195,0.0261846340028868,0.739815228191825
LOC132460239,gene-LOC132460239,transcript,13785,0.890179996921799,0.00938520015558519,0.739815228191825
LOC132459214,gene-LOC132459214,transcript,14195,0.906907547188936,0.0296669396040157,0.739815228191825
macc1,gene-macc1,transcript,14201,0.904277505933459,0.018579186905642,0.739815228191825
LOC132459237,gene-LOC132459237,transcript,14257,0.782606643692697,0.0104562693333032,0.739815228191825
LOC132459240,gene-LOC132459240,transcript,14266,1.22108965437749,0.0393028312849415,0.739815228191825
upp1,gene-upp1,transcript,14353,0.685404060832478,0.0467541684511001,0.739815228191825
LOC132458741,gene-LOC132458741,transcript,14365,1.93897269974169,0.00083975494783739,0.739815228191825
LOC132458746,gene-LOC132458746,transcript,14381,0.654339111933772,0.0471503152210223,0.739815228191825
rnf115a,gene-rnf115a,transcript,14439,1.42002262347784,0.0392708338121761,0.739815228191825
LOC132459396,gene-LOC132459396,transcript,14666,0.792544519843301,0.0242062210261055,0.739815228191825
LOC132459418,gene-LOC132459418,transcript,14717,1.43045445900467,0.0389381601682171,0.739815228191825
arrdc1a,gene-arrdc1a,transcript,14762,0.577882189002228,0.0196013575388283,0.739815228191825
ficd,gene-ficd,transcript,14894,0.804173251049156,0.0377172187886748,0.739815228191825
cenph,gene-cenph,transcript,15013,0.71043858602308,0.0398976976999319,0.739815228191825
f2r,gene-f2r,transcript,15038,0.807225846203899,0.0402107806437592,0.739815228191825
gda,gene-gda,transcript,15215,1.98859903930312,0.0127739987379412,0.739815228191825
commd10,gene-commd10,transcript,15347,1.13353708993065,0.0415416929514834,0.739815228191825
LOC132459779,gene-LOC132459779,transcript,15379,0.711102194470202,0.0333814570342712,0.739815228191825
smim15,gene-smim15,transcript,15484,0.824931918425189,0.0436368861704646,0.739815228191825
LOC132459847,gene-LOC132459847,transcript,15513,0.606222769756314,0.0276717832464716,0.739815228191825
tcn2,gene-tcn2,transcript,15653,1.58945418695788,0.0310072821412835,0.739815228191825
mat2ab,gene-mat2ab,transcript,15664,0.679754534479815,0.0221276047945591,0.739815228191825
glt1d1,gene-glt1d1,transcript,15845,1.30886375630724,0.0461904199309868,0.739815228191825
asphd2,gene-asphd2,transcript,15923,0.876538042410767,0.00938492569525717,0.739815228191825
prkab1b,gene-prkab1b,transcript,15937,1.28810092708685,0.0130606720393082,0.739815228191825
LOC132460117,gene-LOC132460117,transcript,16084,1.12337527103835,0.0467699576924243,0.739815228191825
sh3d21,gene-sh3d21,transcript,16206,0.78723377798242,0.0230183992377884,0.739815228191825
srsf10a,gene-srsf10a,transcript,16633,1.54219063585137,0.0400337708431695,0.739815228191825
LOC132460691,gene-LOC132460691,transcript,16727,1.26453156595413,0.0400793956160068,0.739815228191825
LOC132461089,gene-LOC132461089,transcript,16743,1.61716848813602,0.00501324027105998,0.739815228191825
sts,gene-sts,transcript,16981,1.52698545522845,0.0451379644699252,0.739815228191825
LOC132460673,gene-LOC132460673,transcript,17210,1.46695199247312,0.00909911199984637,0.739815228191825
arl13b,gene-arl13b,transcript,17230,0.735283419365614,0.0378984570390991,0.739815228191825
LOC132461340,gene-LOC132461340,transcript,17315,0.603787261385936,0.0175218281176897,0.739815228191825
LOC132461374,gene-LOC132461374,transcript,17369,1.68859988576413,0.00826712137642893,0.739815228191825
mogat3b,gene-mogat3b,transcript,17502,1.12586655911837,0.0477869079377842,0.739815228191825
gltpd2b,gene-gltpd2b,transcript,17505,1.83111191251342,0.0438170183998337,0.739815228191825
ftr82,gene-ftr82,transcript,17576,1.44268410557398,0.0345539736870926,0.739815228191825
ftr83,gene-ftr83,transcript,17579,1.11742123316019,0.03873263505516,0.739815228191825
zbtb20,gene-zbtb20,transcript,17650,1.864582130578,0.0125589394495351,0.739815228191825
LOC132461584,gene-LOC132461584,transcript,17670,0.63152842815728,0.00899290309254375,0.739815228191825
dpf2,gene-dpf2,transcript,17714,0.765685929236832,0.0166908961973495,0.739815228191825
LOC132460939,gene-LOC132460939,transcript,17728,1.43756462167281,0.0398177786895935,0.739815228191825
LOC132460933,gene-LOC132460933,transcript,17734,0.919807468130382,0.0363483693317848,0.739815228191825
LOC132460900,gene-LOC132460900,transcript,17814,1.14321001608394,0.0221022718680648,0.739815228191825
crcp,gene-crcp,transcript,17840,0.802540086920611,0.0485049835676983,0.739815228191825
LOC132460893,gene-LOC132460893,transcript,17964,1.61637015939952,0.0172415046726966,0.739815228191825
irf1b,gene-irf1b,transcript,18029,1.37989883799835,0.0131120642271128,0.739815228191825
ins,gene-ins,transcript,18062,1.50485220108518,0.0476730551972078,0.739815228191825
cct8,gene-cct8,transcript,18073,1.31293865893756,0.047122411083544,0.739815228191825
LOC132461654,gene-LOC132461654,transcript,18142,0.879259235896589,0.0147872001222515,0.739815228191825
LOC132461676,gene-LOC132461676,transcript,18169,0.29876648278185,0.00648861759990305,0.739815228191825
fdxacb1,gene-fdxacb1,transcript,18176,1.42075832040876,0.00249052845838382,0.739815228191825
LOC132461763,gene-LOC132461763,transcript,18374,1.52820228288859,0.0256411938425007,0.739815228191825
esama,gene-esama,transcript,18396,0.505982994354811,0.00059824382852236,0.739815228191825
hnrnpl,gene-hnrnpl,transcript,18433,1.47506438910058,0.0425026921877021,0.739815228191825
igsf5a,gene-igsf5a,transcript,18478,0.851466971497439,0.0155844898049879,0.739815228191825
atg101,gene-atg101,transcript,18502,1.17612953850666,0.0108280241945677,0.739815228191825
c7h21orf91,gene-c7h21orf91,transcript,18509,0.804744103794836,0.0169186392750863,0.739815228191825
pigl,gene-pigl,transcript,18549,1.57472530749332,0.0267913457402567,0.739815228191825
otud3,gene-otud3,transcript,18731,0.764706267160691,0.0253660746941818,0.739815228191825
znhit3,gene-znhit3,transcript,18828,1.15742818298911,0.00848585929273438,0.739815228191825
gusb,gene-gusb,transcript,18832,0.423092031162197,0.0219052781353362,0.739815228191825
LOC132461001,gene-LOC132461001,transcript,18856,0.373663380173799,0.00234173185641162,0.739815228191825
LOC132461418,gene-LOC132461418,transcript,18872,1.09558898674885,0.0115304096322137,0.739815228191825
rhogb,gene-rhogb,transcript,18882,0.632279153503211,0.0491014813893575,0.739815228191825
pgrmc1,gene-pgrmc1,transcript,18917,1.24954170683099,0.0303587468033597,0.739815228191825
tmprss15,gene-tmprss15,transcript,19021,0.736682232284082,0.0408104056671719,0.739815228191825
tmprss15,gene-tmprss15,transcript,19023,0.593272017727704,0.0268394588084295,0.739815228191825
LOC132462052,gene-LOC132462052,transcript,19056,0.645682764016491,0.0143947486180382,0.739815228191825
prdx5,gene-prdx5,transcript,19277,2.05086585041066,0.00266970180700821,0.739815228191825
mier1b,gene-mier1b,transcript,19334,1.92003780409548,0.00426402922741076,0.739815228191825
LOC132462384,gene-LOC132462384,transcript,19396,1.24602499803319,0.03547679350994,0.739815228191825
txndc12,gene-txndc12,transcript,19464,0.672134712919593,0.0451258446867726,0.739815228191825
zzz3,gene-zzz3,transcript,19486,0.761540906381645,0.00878210891504971,0.739815228191825
LOC132463722,gene-LOC132463722,transcript,19492,0.751071399930733,0.0300810528060127,0.739815228191825
LOC132463690,gene-LOC132463690,transcript,19622,0.664354588347962,0.0227896496124962,0.739815228191825
guk1a,gene-guk1a,transcript,19813,0.881544807640955,0.0300300835071661,0.739815228191825
jmjd4,gene-jmjd4,transcript,19820,1.33653164495763,0.0381724121707001,0.739815228191825
LOC132462702,gene-LOC132462702,transcript,19913,2.04491398769325,0.0263999798728227,0.739815228191825
LOC132462681,gene-LOC132462681,transcript,19956,1.11553699225751,0.016501620216169,0.739815228191825
LOC132462681,gene-LOC132462681,transcript,19957,1.42573487873433,0.033366139258572,0.739815228191825
LOC132462681,gene-LOC132462681,transcript,19958,1.3839664006847,0.0359725364845891,0.739815228191825
LOC132462713,gene-LOC132462713,transcript,19982,0.577560869376099,0.0320784283423745,0.739815228191825
LOC132462713,gene-LOC132462713,transcript,19983,0.694005616190682,0.0289255272103839,0.739815228191825
atp6v1h,gene-atp6v1h,transcript,20031,0.6243955041345,0.0423468507969528,0.739815228191825
dapk3,gene-dapk3,transcript,20128,0.648373323871804,0.036807988629258,0.739815228191825
vapal,gene-vapal,transcript,20221,1.29265453274119,0.00728584386257369,0.739815228191825
znf622,gene-znf622,transcript,20260,0.725284344465179,0.0392094896994641,0.739815228191825
LOC132462944,gene-LOC132462944,transcript,20301,0.89409552218387,0.0495617227814997,0.739815228191825
zmynd11,gene-zmynd11,transcript,20308,0.869654258812781,0.0398010791506868,0.739815228191825
cryz,gene-cryz,transcript,20356,0.437947629316711,0.010695883692761,0.739815228191825
LOC132462967,gene-LOC132462967,transcript,20359,1.41887870378096,0.0375385192835023,0.739815228191825
tpra,gene-tpra,transcript,20439,0.786057748680695,0.014007390582906,0.739815228191825
LOC132463075,gene-LOC132463075,transcript,20576,0.426519722659103,0.00146546504961198,0.739815228191825
inhbab,gene-inhbab,transcript,20612,0.649654448177766,0.00861579188452699,0.739815228191825
LOC132463164,gene-LOC132463164,transcript,20696,1.13711483524703,0.0234337748158273,0.739815228191825
LOC132463182,gene-LOC132463182,transcript,20723,0.89830351856017,0.0327515123212065,0.739815228191825
pter,gene-pter,transcript,20905,1.61101734885845,0.047645847007003,0.739815228191825
LOC132463276,gene-LOC132463276,transcript,20907,1.40146281539422,0.0398054792645375,0.739815228191825
ift22,gene-ift22,transcript,20928,0.850544826917299,0.0265818125135464,0.739815228191825
ftr67,gene-ftr67,transcript,20945,1.54095194619432,0.0372314886803713,0.739815228191825
eif4e2,gene-eif4e2,transcript,21006,0.637982420245067,0.0226015616913247,0.739815228191825
eif4e2,gene-eif4e2,transcript,21007,0.658793058437284,0.0281248017770575,0.739815228191825
stk11,gene-stk11,transcript,21073,0.67917651580938,0.0246143160623744,0.739815228191825
LOC132463404,gene-LOC132463404,transcript,21156,1.38494463535775,0.000838209274119706,0.739815228191825
ifi30a,gene-ifi30a,transcript,21209,0.760820285940476,0.0406156197970561,0.739815228191825
crsp7,gene-crsp7,transcript,21216,1.56115903025362,0.021730000294673,0.739815228191825
septin2,gene-septin2,transcript,21308,0.378361673542696,0.00296556826498429,0.739815228191825
LOC132463238,gene-LOC132463238,transcript,21313,1.08026737243475,0.0201865818779747,0.739815228191825
cldn1,gene-cldn1,transcript,21323,1.55424292173946,0.00847972284024667,0.739815228191825
LOC132463492,gene-LOC132463492,transcript,21339,2.87735978500561,0.0210489687960437,0.739815228191825
LOC132463527,gene-LOC132463527,transcript,21528,3.4934984532675,0.00227337416685058,0.739815228191825
cahz,gene-cahz,transcript,21615,1.64111434604149,0.017669039193124,0.739815228191825
LOC132463571,gene-LOC132463571,transcript,21616,1.08874429863831,0.00945713247724378,0.739815228191825
LOC132463630,gene-LOC132463630,transcript,21724,0.700407427727786,0.0492660971872743,0.739815228191825
miox,gene-miox,transcript,21889,1.59691428632463,0.0324293096226527,0.739815228191825
prpf18,gene-prpf18,transcript,21952,1.31277123156329,0.0393467703521484,0.739815228191825
psmd7,gene-psmd7,transcript,21956,0.842054628821893,0.0390112164937368,0.739815228191825
LOC132464064,gene-LOC132464064,transcript,22023,1.16502597474565,0.0235062345201991,0.739815228191825
hmg20a,gene-hmg20a,transcript,22103,1.38043820351587,0.0143938790111422,0.739815228191825
LOC132464154,gene-LOC132464154,transcript,22175,1.28759852656208,0.0249002379812691,0.739815228191825
LOC132464180,gene-LOC132464180,transcript,22284,1.47868735665352,0.0350703917288278,0.739815228191825
dnajb9a,gene-dnajb9a,transcript,22309,1.6992051114025,0.0248864177657548,0.739815228191825
tmpob,gene-tmpob,transcript,22343,0.765157486651094,0.0094637228229002,0.739815228191825
edc3,gene-edc3,transcript,22374,1.25099809834034,0.0435857757785799,0.739815228191825
LOC132464228,gene-LOC132464228,transcript,22376,0.698783570608662,0.0379540037351538,0.739815228191825
psma4,gene-psma4,transcript,22418,0.643711416794191,0.0244242185538524,0.739815228191825
banp,gene-banp,transcript,22508,1.32688971625782,0.0148068854535786,0.739815228191825
hal,gene-hal,transcript,22659,1.50129169029554,0.0451853456236224,0.739815228191825
c9h12orf4,gene-c9h12orf4,transcript,22695,1.95642535511075,0.00552495671548026,0.739815228191825
bet1l,gene-bet1l,transcript,22745,1.1010134553188,0.0439960808537202,0.739815228191825
ciao2a,gene-ciao2a,transcript,22845,0.474198027755911,0.0246990835236345,0.739815228191825
commd9,gene-commd9,transcript,22857,1.46007338897105,0.00745141244243275,0.739815228191825
LOC132464433,gene-LOC132464433,transcript,22935,1.29643454626739,0.0205034622437201,0.739815228191825
LOC132465059,gene-LOC132465059,transcript,23004,0.857605841034359,0.0228285261983774,0.739815228191825
LOC132465059,gene-LOC132465059,transcript,23006,0.79345599730057,0.00253154877360018,0.739815228191825
LOC132465088,gene-LOC132465088,transcript,23030,1.19268509820472,0.00746703246161851,0.739815228191825
ttc38,gene-ttc38,transcript,23073,1.52185774570133,0.0432576975603303,0.739815228191825
parvaa,gene-parvaa,transcript,23265,0.531364783624675,0.0118714225286265,0.739815228191825
coq9,gene-coq9,transcript,23398,1.13279979094521,0.0456435699709188,0.739815228191825
acd,gene-acd,transcript,23449,1.15287613453459,0.030637177435785,0.739815228191825
LOC132464659,gene-LOC132464659,transcript,23482,0.618502599151482,0.0144072781321156,0.739815228191825
mphosph6,gene-mphosph6,transcript,23500,0.70802967198711,0.0342474348127311,0.739815228191825
LOC132464677,gene-LOC132464677,transcript,23502,0.287367362309446,0.0105586590893031,0.739815228191825
LOC132464678,gene-LOC132464678,transcript,23505,0.782380233291133,0.0104333404102791,0.739815228191825
tspan3a,gene-tspan3a,transcript,23628,1.21166172399047,0.0234605390795959,0.739815228191825
tpm1,gene-tpm1,transcript,23651,0.712445973876662,0.0474488957528867,0.739815228191825
neil1,gene-neil1,transcript,23703,1.26727311563941,0.033660548419935,0.739815228191825
rpl4,gene-rpl4,transcript,23741,1.22287243577101,0.046571053350778,0.739815228191825
snapc5,gene-snapc5,transcript,23756,1.19272710512456,0.0155815018267522,0.739815228191825
morf4l1,gene-morf4l1,transcript,23765,1.42275341854359,0.0303408792325872,0.739815228191825
ddb2,gene-ddb2,transcript,23772,1.65643658377652,0.0253874760742362,0.739815228191825
eps8l2,gene-eps8l2,transcript,23796,0.606085061878006,0.00279669148494954,0.739815228191825
sqor,gene-sqor,transcript,23878,1.97175681537258,0.00405769762637154,0.739815228191825
LOC132464806,gene-LOC132464806,transcript,23929,1.42711061163431,0.0122975255955926,0.739815228191825
nr1h4,gene-nr1h4,transcript,24045,1.63710384520946,0.04323775000401,0.739815228191825
igf2b,gene-igf2b,transcript,24127,1.47160035403982,0.0372638092611832,0.739815228191825
LOC132465322,gene-LOC132465322,transcript,24149,0.777602368283355,0.0208651791338468,0.739815228191825
LOC132466566,gene-LOC132466566,transcript,24168,1.64433619461554,0.00963287048072525,0.739815228191825
nipsnap3a,gene-nipsnap3a,transcript,24211,1.55099526620302,0.0283709234916514,0.739815228191825
nipsnap3a,gene-nipsnap3a,transcript,24212,1.4971293687178,0.0281503206099585,0.739815228191825
st3gal5,gene-st3gal5,transcript,24443,1.76794445663635,0.00901557262812414,0.739815228191825
st3gal5,gene-st3gal5,transcript,24444,1.96394535051338,0.0188537300430136,0.739815228191825
dcps,gene-dcps,transcript,24499,1.2309406483769,0.0281279823393914,0.739815228191825
LOC132465527,gene-LOC132465527,transcript,24547,1.95931307937468,0.00446657695303831,0.739815228191825
LOC132465538,gene-LOC132465538,transcript,24561,0.900808477359422,0.0269814674488557,0.739815228191825
LOC132465589,gene-LOC132465589,transcript,24659,0.661082931631278,0.0278733915771341,0.739815228191825
LOC132465608,gene-LOC132465608,transcript,24695,1.20977102701365,0.0348479266131609,0.739815228191825
LOC132465619,gene-LOC132465619,transcript,24778,1.1079654486955,0.0326921304829503,0.739815228191825
sil1,gene-sil1,transcript,24829,0.560817818721796,0.0412906174758644,0.739815228191825
LOC132466317,gene-LOC132466317,transcript,24970,1.35570594320914,0.028480442717399,0.739815228191825
aldob,gene-aldob,transcript,25046,1.58464292195019,0.0350617226846668,0.739815228191825
LOC132465730,gene-LOC132465730,transcript,25095,1.39970416398101,0.00564341251840772,0.739815228191825
LOC132465724,gene-LOC132465724,transcript,25120,0.837470839597413,0.0221657399103867,0.739815228191825
LOC132465839,gene-LOC132465839,transcript,25316,1.85164713384619,0.0435399500831346,0.739815228191825
faf2,gene-faf2,transcript,25384,2.30549890754871,0.00311543255336166,0.739815228191825
higd2a,gene-higd2a,transcript,25438,1.14624996707523,0.0429870800842325,0.739815228191825
pdlim7,gene-pdlim7,transcript,25442,0.835966983431575,0.0250066147328566,0.739815228191825
vma21,gene-vma21,transcript,25451,1.25583975699468,0.0258163542652359,0.739815228191825
ergic1,gene-ergic1,transcript,25459,0.624311889380569,0.0219812801197804,0.739815228191825
prelid1a,gene-prelid1a,transcript,25465,1.15493912569066,0.028930846250161,0.739815228191825
si:dkey-27i16.2,gene-si:dkey-27i16.2,transcript,25480,0.841002200286747,0.0136833631985986,0.739815228191825
rhogd,gene-rhogd,transcript,25515,1.92759090606709,0.00137351276521813,0.739815228191825
tspan7,gene-tspan7,transcript,25572,1.18119325056132,0.0330328908620218,0.739815228191825
chic1,gene-chic1,transcript,25683,0.665676463526879,0.043817321015484,0.739815228191825
atl3,gene-atl3,transcript,25696,1.51852945436305,0.043917028612215,0.739815228191825
phf6,gene-phf6,transcript,25734,1.48893612683138,0.0165000538504543,0.739815228191825
pabir2,gene-pabir2,transcript,25738,1.35054214845672,0.0410089119559049,0.739815228191825
pfdn6,gene-pfdn6,transcript,25748,1.23148803187426,0.00323891410571142,0.739815228191825
polr1d,gene-polr1d,transcript,25785,0.73851457748543,0.00693830518118266,0.739815228191825
nxt2,gene-nxt2,transcript,25838,1.18140512172209,0.0482217899678016,0.739815228191825
LOC132466429,gene-LOC132466429,transcript,25852,1.45093591285388,0.0142038831661162,0.739815228191825
LOC132466138,gene-LOC132466138,transcript,26163,1.46927307498042,0.0126773950535463,0.739815228191825
slc25a48,gene-slc25a48,transcript,26196,1.77827329220391,0.0113281040962721,0.739815228191825
si:ch1073-44g3.1,gene-si:ch1073-44g3.1,transcript,26318,1.48039718078881,0.0354153302936103,0.739815228191825
rack1,gene-rack1,transcript,26352,2.2760941624162,0.0105432326754056,0.739815228191825
ydjc,gene-ydjc,transcript,26487,0.913966024550763,0.0323700030914118,0.739815228191825
LOC132468003,gene-LOC132468003,transcript,26503,0.447446677935672,0.0254968872279121,0.739815228191825
LOC132468003,gene-LOC132468003,transcript,26504,0.585668953181363,0.0128025757582075,0.739815228191825
LOC132468016,gene-LOC132468016,transcript,26580,0.579669168491345,0.0087777157320087,0.739815228191825
LOC132468026,gene-LOC132468026,transcript,26581,0.927477110473429,0.0494042009054332,0.739815228191825
LOC132467923,gene-LOC132467923,transcript,26645,0.542238618933261,0.00070725087989354,0.739815228191825
LOC132467923,gene-LOC132467923,transcript,26647,0.676871934210786,0.0427022613756222,0.739815228191825
LOC132467923,gene-LOC132467923,transcript,26648,0.734162113403295,0.0331946159134759,0.739815228191825
LOC132467032,gene-LOC132467032,transcript,26696,1.45233837466893,0.018551379023686,0.739815228191825
LOC132467030,gene-LOC132467030,transcript,26700,0.75336138690413,0.030407568268076,0.739815228191825
LOC132467030,gene-LOC132467030,transcript,26701,0.881654988706134,0.017906694648643,0.739815228191825
LOC132467030,gene-LOC132467030,transcript,26702,0.948847438987016,0.0315102707340329,0.739815228191825
hscb,gene-hscb,transcript,26747,1.2890633712854,0.0478656901375794,0.739815228191825
ppil3,gene-ppil3,transcript,26750,1.18407346613237,0.0240268309400022,0.739815228191825
zgc:101858,gene-zgc:101858,transcript,26751,0.666229481090426,0.0213699267911311,0.739815228191825
tmem127,gene-tmem127,transcript,26797,1.45239573300387,0.0315785537279423,0.739815228191825
LOC132467386,gene-LOC132467386,transcript,26813,0.829587273711342,0.0349995028382732,0.739815228191825
ube2d4,gene-ube2d4,transcript,26822,1.27706265438875,0.0475871290354449,0.739815228191825
LOC132467266,gene-LOC132467266,transcript,26825,1.4773214516953,0.0471863717915879,0.739815228191825
wu:fa19b12,gene-wu:fa19b12,transcript,26842,1.27642877400278,0.0205987930558982,0.739815228191825
LOC132467788,gene-LOC132467788,transcript,26909,0.76451518853207,0.0342320267861298,0.739815228191825
gpatch4,gene-gpatch4,transcript,26957,1.84474957290671,0.0259860923520114,0.739815228191825
LOC132467931,gene-LOC132467931,transcript,26976,2.06229585078144,0.00730948327966319,0.739815228191825
polr3glb,gene-polr3glb,transcript,26986,0.691164786766614,0.00547219444699798,0.739815228191825
si:dkey-238d18.4,gene-si:dkey-238d18.4,transcript,27117,1.26719603505827,0.0343289759484378,0.739815228191825
mal2,gene-mal2,transcript,27172,1.73144803743644,0.00737430599068922,0.739815228191825
trnat-ugu,gene-trnat-ugu-6,transcript,27207,1.20226226948891,0.0272280274149581,0.739815228191825
sec61b,gene-sec61b,transcript,27216,0.765413212202667,0.0332170187659628,0.739815228191825
gapdh,gene-gapdh,transcript,27259,1.26518376532046,0.0126610393624287,0.739815228191825
LOC132468417,gene-LOC132468417,transcript,27272,1.22989493331693,0.0286235976505331,0.739815228191825
ntd5,gene-ntd5,transcript,27372,1.89548935842381,0.0345419226608386,0.739815228191825
cdc42ep5,gene-cdc42ep5,transcript,27403,1.55012441629804,0.016467226250783,0.739815228191825
tfpt,gene-tfpt,transcript,27425,0.78635132771255,0.0437641222791435,0.739815228191825
tpi1b,gene-tpi1b,transcript,27515,0.7404918710494,0.0207970267078231,0.739815228191825
cops7a,gene-cops7a,transcript,27537,1.39458187144391,0.0369671693567022,0.739815228191825
znf384b,gene-znf384b,transcript,27544,1.5697453341863,0.043382068749392,0.739815228191825
rabac1,gene-rabac1,transcript,27572,1.39493975644779,0.0478831584316248,0.739815228191825
trim35-28,gene-trim35-28,transcript,27605,1.57655328299038,0.00404048697244785,0.739815228191825
pafah1b3,gene-pafah1b3,transcript,27615,1.9577976755418,0.00481109053326589,0.739815228191825
apoc1,gene-apoc1,transcript,27652,1.21792187477833,0.0345315893223848,0.739815228191825
ndufaf6,gene-ndufaf6,transcript,27670,0.72472428448369,0.00835827447611315,0.739815228191825
LOC132467252,gene-LOC132467252,transcript,27733,1.29090061557987,0.0136307662189614,0.739815228191825
tap1,gene-tap1,transcript,27753,0.533011086441599,0.00329801333104074,0.739815228191825
LOC132468432,gene-LOC132468432,transcript,27815,0.758365739067705,0.00670744486642183,0.739815228191825
LOC132467347,gene-LOC132467347,transcript,27816,2.21701750550794,0.0244504077760989,0.739815228191825
dpy19l1l,gene-dpy19l1l,transcript,27892,0.630305076230887,0.0194517452625491,0.739815228191825
dpys,gene-dpys,transcript,28070,1.57407125836676,0.0334039600557274,0.739815228191825
LOC132467485,gene-LOC132467485,transcript,28075,1.43328267715578,0.0358883236709484,0.739815228191825
pnisr,gene-pnisr,transcript,28100,0.911092725918233,0.0365571445396268,0.739815228191825
ebag9,gene-ebag9,transcript,28141,1.35150837066467,0.0369914840510277,0.739815228191825
rwdd1,gene-rwdd1,transcript,28219,0.786545348712099,0.00186379431056993,0.739815228191825
popdc3,gene-popdc3,transcript,28252,1.12993535229157,0.0178108888918226,0.739815228191825
gatc,gene-gatc,transcript,28403,1.17789167152594,0.010691420961559,0.739815228191825
adam9,gene-adam9,transcript,28450,0.741197473338896,0.0264182450932196,0.739815228191825
ntaq1,gene-ntaq1,transcript,28549,1.47731268353918,0.0127872012843695,0.739815228191825
cnot6l,gene-cnot6l,transcript,28592,2.17368056613466,0.0296763771329269,0.739815228191825
nudt12,gene-nudt12,transcript,28707,0.701226929514388,0.0160404332614424,0.739815228191825
thop1,gene-thop1,transcript,28896,0.744996591522917,0.00798769731753557,0.739815228191825
thop1,gene-thop1,transcript,28897,0.567618371886498,0.00321240857959726,0.739815228191825
c12h19orf25,gene-c12h19orf25,transcript,28940,0.613120599422187,0.0393520214785458,0.739815228191825
cpox,gene-cpox,transcript,29080,1.44205170458741,0.00624066928820555,0.739815228191825
LOC132469717,gene-LOC132469717,transcript,29105,1.51416357039999,0.0308588674503626,0.739815228191825
tmem38a,gene-tmem38a,transcript,29129,1.49248883945007,0.0163112882331791,0.739815228191825
LOC132470025,gene-LOC132470025,transcript,29179,0.756649138735342,0.0115292915068657,0.739815228191825
LOC132470023,gene-LOC132470023,transcript,29183,0.863730946824771,0.0260949631324069,0.739815228191825
uox,gene-uox,transcript,29310,1.43536827192574,0.02344980785258,0.739815228191825
ccdc50a,gene-ccdc50a,transcript,29359,0.866350579250506,0.0350442537968705,0.739815228191825
dmap1,gene-dmap1,transcript,29367,0.918378682476756,0.0355576453218757,0.739815228191825
LOC132470002,gene-LOC132470002,transcript,29565,1.95003853662776,0.00345689851868092,0.739815228191825
LOC132469195,gene-LOC132469195,transcript,29587,2.31745562661133,0.00616509952512656,0.739815228191825
si:dkey-86e18.1,gene-si:dkey-86e18.1,transcript,29629,1.26627483511571,0.0291982773624926,0.739815228191825
LOC132469126,gene-LOC132469126,transcript,29640,2.37976376036723,0.00374162714400361,0.739815228191825
LOC132468745,gene-LOC132468745,transcript,29646,2.13810791743448,0.019997240561521,0.739815228191825
bmb,gene-bmb,transcript,29693,0.903043073065438,0.029665613355403,0.739815228191825
angptl3,gene-angptl3,transcript,29730,2.79081047152578,0.00179565662906733,0.739815228191825
pgm1,gene-pgm1,transcript,29738,1.81190643382329,0.0143519885258215,0.739815228191825
ak4,gene-ak4,transcript,29757,2.07566276673376,0.00159221507209173,0.739815228191825
oma1,gene-oma1,transcript,30045,0.785625928506197,0.0189624365368199,0.739815228191825
LOC132469051,gene-LOC132469051,transcript,30124,1.40135926225053,0.0130011623900648,0.739815228191825
plekhb2,gene-plekhb2,transcript,30136,1.81226891404736,0.00822147921485139,0.739815228191825
fnbp1l,gene-fnbp1l,transcript,30234,0.881591712952327,0.0456644613714674,0.739815228191825
b3gnt5a,gene-b3gnt5a,transcript,30348,1.44583565854856,0.043730151261302,0.739815228191825
cks2,gene-cks2,transcript,30528,0.756278601623952,0.0365190482041381,0.739815228191825
lpla,gene-lpla,transcript,30571,1.88104258163217,0.0451062163692233,0.739815228191825
calr,gene-calr,transcript,30617,0.624749646456817,0.0422447291772896,0.739815228191825
mydgf,gene-mydgf,transcript,30717,1.56039909577231,0.0124753354118202,0.739815228191825
lsm7,gene-lsm7,transcript,30748,0.591596917136626,0.0179795067930939,0.739815228191825
gpx4a,gene-gpx4a,transcript,30762,2.02507412838057,0.001760255356553,0.739815228191825
LOC132468939,gene-LOC132468939,transcript,30812,1.70243578336918,0.00641668598902534,0.739815228191825
micos13,gene-micos13,transcript,30827,1.23376131233046,0.0051151451701823,0.739815228191825
plin3,gene-plin3,transcript,30893,0.572931527102407,0.0168905974520971,0.739815228191825
LOC132468834,gene-LOC132468834,transcript,30901,1.15428265981186,0.019548913364569,0.739815228191825
LOC132468472,gene-LOC132468472,transcript,30937,1.32664949674257,0.0333185097730895,0.739815228191825
ncbp2,gene-ncbp2,transcript,30968,1.29528654333504,0.0471904928994609,0.739815228191825
acsbg2,gene-acsbg2,transcript,31062,0.743030960157755,0.0204836627343049,0.739815228191825
csnk1g2b,gene-csnk1g2b,transcript,31085,1.30516820949382,0.0315872636089781,0.739815228191825
babam1,gene-babam1,transcript,31093,0.661126045844495,0.00178178925021921,0.739815228191825
impact,gene-impact,transcript,31105,0.646144148389883,0.0181246892499319,0.739815228191825
impact,gene-impact,transcript,31106,1.45574468884976,0.00660376804814855,0.739815228191825
hp1bp3,gene-hp1bp3,transcript,31143,0.798775120256159,0.0482994367236174,0.739815228191825
LOC132471324,gene-LOC132471324,transcript,31166,1.07987236579222,0.0434720774410503,0.739815228191825
LOC132471292,gene-LOC132471292,transcript,31227,0.839711831266915,0.0272774386528511,0.739815228191825
sdc4,gene-sdc4,transcript,31239,0.658323106051688,0.0468741192703664,0.739815228191825
manf,gene-manf,transcript,31255,0.534848321853465,0.0136505178551667,0.739815228191825
acad9,gene-acad9,transcript,31287,0.481754351671257,0.0122033441380216,0.739815228191825
ap5b1,gene-ap5b1,transcript,31293,1.15240698513792,0.0267834972417358,0.739815228191825
mkrn2,gene-mkrn2,transcript,31418,1.26897593776445,0.0332514011488796,0.739815228191825
polr2j,gene-polr2j,transcript,31429,1.36631526882563,0.0197427666269284,0.739815228191825
ccdc71,gene-ccdc71,transcript,31522,1.52760782205629,0.0108374017881846,0.739815228191825
LOC132470102,gene-LOC132470102,transcript,31698,1.70349950564926,0.0462955951887605,0.739815228191825
vhl,gene-vhl,transcript,31795,1.48077232258963,0.0156993186445619,0.739815228191825
pfkfb4b,gene-pfkfb4b,transcript,31822,1.19973922067048,0.0467308161083053,0.739815228191825
uroc1,gene-uroc1,transcript,31833,1.36774399689199,0.0077241394924461,0.739815228191825
ip6k2b,gene-ip6k2b,transcript,31838,1.72491360204898,0.0073952615152566,0.739815228191825
LOC132470179,gene-LOC132470179,transcript,31845,1.7269310239144,0.0363899827592942,0.739815228191825
emc3,gene-emc3,transcript,31851,0.655068930090046,0.0454733316844851,0.739815228191825
rad18,gene-rad18,transcript,31899,0.673374203781413,0.0176867659610862,0.739815228191825
dstyk,gene-dstyk,transcript,31964,0.868460477715505,0.0173869656926332,0.739815228191825
LOC132470639,gene-LOC132470639,transcript,31975,1.62473747942595,0.0267548594113147,0.739815228191825
mrpl20,gene-mrpl20,transcript,31992,1.38349422290784,0.00610576378314831,0.739815228191825
mfap2,gene-mfap2,transcript,31994,0.625322502744677,0.041346764948304,0.739815228191825
LOC132471177,gene-LOC132471177,transcript,32020,0.672154321777219,0.0150537780911253,0.739815228191825
rbm5,gene-rbm5,transcript,32120,1.31754173389452,0.0366298809330178,0.739815228191825
inka1b,gene-inka1b,transcript,32128,1.26387800115322,0.0209849748201972,0.739815228191825
tardbpb,gene-tardbpb,transcript,32161,1.50397760016552,0.00700214089778739,0.739815228191825
osgn1,gene-osgn1,transcript,32228,0.852125846116729,0.0314502564950796,0.739815228191825
suclg2,gene-suclg2,transcript,32514,1.85896594755297,0.0226617987133777,0.739815228191825
rtf2,gene-rtf2,transcript,32648,1.73696902593164,0.014846933498661,0.739815228191825
ddit3,gene-ddit3,transcript,32738,0.640565770125092,0.0114940829513996,0.739815228191825
myg1,gene-myg1,transcript,32763,0.736870009725032,0.0386573919023612,0.739815228191825
prdm2b,gene-prdm2b,transcript,32800,0.87188100989041,0.0246442646761287,0.739815228191825
foxj3,gene-foxj3,transcript,32801,0.818228204841849,0.0399550482744901,0.739815228191825
tamm41,gene-tamm41,transcript,32858,1.41364564098125,0.0348306728662359,0.739815228191825
bhlhe40,gene-bhlhe40,transcript,32878,2.18611393540155,0.00141515643795886,0.739815228191825
mafbb,gene-mafbb,transcript,32945,2.49495575078978,0.00661937512075572,0.739815228191825
LOC132471142,gene-LOC132471142,transcript,33028,1.57475790357449,0.0240183044550064,0.739815228191825
LOC132471142,gene-LOC132471142,transcript,33029,1.53071926316427,0.0384806844493453,0.739815228191825
hmces,gene-hmces,transcript,33076,1.67547388590372,0.0309907254043005,0.739815228191825
stx16,gene-stx16,transcript,33114,0.831678544012136,0.0407816900089615,0.739815228191825
LOC132470761,gene-LOC132470761,transcript,33147,0.722448366216005,0.0474234279131038,0.739815228191825
tcta,gene-tcta,transcript,33266,1.17706254360283,0.0472180365190153,0.739815228191825
LOC132470081,gene-LOC132470081,transcript,33271,0.639374485609031,0.037707586264767,0.739815228191825
LOC132470076,gene-LOC132470076,transcript,33512,4.38616222539186,0.0252656634027235,0.739815228191825
LOC132470537,gene-LOC132470537,transcript,33594,1.91489028523224,0.0200033365344856,0.739815228191825
arl14ep,gene-arl14ep,transcript,33668,1.59442746897465,0.0259672142487294,0.739815228191825
lto1,gene-lto1,transcript,33702,0.671647804581794,0.0146787718498441,0.739815228191825
katnb1,gene-katnb1,transcript,33802,0.806729669360645,0.0169048918818164,0.739815228191825
htatip2,gene-htatip2,transcript,33830,1.69978569264977,0.00369086222457082,0.739815228191825
ero1a,gene-ero1a,transcript,33853,0.442501511712568,0.00530062802197873,0.739815228191825
pacsin3,gene-pacsin3,transcript,33855,1.39008067832833,0.0461994096462512,0.739815228191825
atic,gene-atic,transcript,33967,1.39112541332404,0.0464318815954284,0.739815228191825
psmd14,gene-psmd14,transcript,33972,0.808884156858627,0.0374030318027369,0.739815228191825
ankdd1a,gene-ankdd1a,transcript,33988,1.36048839166176,0.0402120312727325,0.739815228191825
LOC132472013,gene-LOC132472013,transcript,34091,1.30560756927241,0.00156122020673055,0.739815228191825
mis12,gene-mis12,transcript,34150,0.651279068839528,0.00633789908671845,0.739815228191825
eif3m,gene-eif3m,transcript,34209,1.25040451153502,0.00971373077848758,0.739815228191825
hnf4b,gene-hnf4b,transcript,34282,1.4491274434598,0.0298354915743962,0.739815228191825
rpl13,gene-rpl13,transcript,34297,1.26118918222618,0.0143152580562007,0.739815228191825
gcshb,gene-gcshb,transcript,34302,1.52003155706303,0.0247682339741637,0.739815228191825
tmem9b,gene-tmem9b,transcript,34378,0.754875858014816,0.0482540592760352,0.739815228191825
ext2,gene-ext2,transcript,34401,0.454473392030986,0.005562306070092,0.739815228191825
LOC132471513,gene-LOC132471513,transcript,34436,0.668129164651904,0.0483434362688553,0.739815228191825
cmtm4,gene-cmtm4,transcript,34597,0.734203783023506,0.0369408647475016,0.739815228191825
nsmce1,gene-nsmce1,transcript,34714,0.709111720008023,0.0109876441256371,0.739815228191825
anp32a,gene-anp32a,transcript,34808,1.3717568695061,0.0271436958715766,0.739815228191825
smad3a,gene-smad3a,transcript,34857,0.7577693178478,0.0245445946266717,0.739815228191825
LOC132471540,gene-LOC132471540,transcript,34893,1.99247156265994,0.00619253013281906,0.739815228191825
slc7a9,gene-slc7a9,transcript,34926,0.669366332621867,0.017196553167377,0.739815228191825
psmd13,gene-psmd13,transcript,35037,0.794414386190002,0.0488565041104607,0.739815228191825
cebpg,gene-cebpg,transcript,35072,1.37982112627607,0.0141903356712585,0.739815228191825
LOC132471494,gene-LOC132471494,transcript,35107,1.63760919367101,0.0446772309618164,0.739815228191825
mrps11,gene-mrps11,transcript,35125,0.756751205607322,0.0396727715611532,0.739815228191825
hsd11b2,gene-hsd11b2,transcript,35130,2.10804621345195,0.0242534030028598,0.739815228191825
cmc2,gene-cmc2,transcript,35193,1.278217485195,0.0041176759346544,0.739815228191825
dbndd1,gene-dbndd1,transcript,35218,0.549120499573139,0.0065230535427202,0.739815228191825
larp6a,gene-larp6a,transcript,35389,1.52268574439311,0.0275410638051605,0.739815228191825
ulk3,gene-ulk3,transcript,35392,0.770933938419945,0.0482068116538223,0.739815228191825
LOC132472629,gene-LOC132472629,transcript,35410,1.80643398816753,0.0160181059556137,0.739815228191825
LOC132472630,gene-LOC132472630,transcript,35412,1.21879528664041,0.0377333801634173,0.739815228191825
ogfod1,gene-ogfod1,transcript,35472,0.84630036982093,0.0259815754954669,0.739815228191825
zgc:123258,gene-zgc:123258,transcript,35510,1.60612277803487,0.0380962174152027,0.739815228191825
LOC132472590,gene-LOC132472590,transcript,35565,1.43108830896883,0.00536149691079357,0.739815228191825
got1,gene-got1,transcript,35610,1.73312562174321,0.0441160560498244,0.739815228191825
LOC132473740,gene-LOC132473740,transcript,35687,1.66879137290292,0.0286394868345596,0.739815228191825
LOC132473225,gene-LOC132473225,transcript,35729,2.17626558947807,5.41598904261198e-05,0.47834015224349
fignl1,gene-fignl1,transcript,35743,1.12853252939231,0.0141165552338786,0.739815228191825
prdx3,gene-prdx3,transcript,35778,1.32152424622392,0.049766452346559,0.739815228191825
LOC132473249,gene-LOC132473249,transcript,35786,0.811047320384393,0.0397452915465306,0.739815228191825
LOC132472785,gene-LOC132472785,transcript,35792,1.12617583599221,0.0486242924105105,0.739815228191825
agpat5,gene-agpat5,transcript,35863,0.849864510121587,0.0238206046706841,0.739815228191825
gsta.1,gene-gsta.1,transcript,35868,1.3456081731447,0.0484424872853479,0.739815228191825
znf451,gene-znf451,transcript,35899,1.21788040661029,0.0123714127893428,0.739815228191825
slc29a3,gene-slc29a3,transcript,36014,0.473237598205991,0.0309410864027027,0.739815228191825
psap,gene-psap,transcript,36017,1.41002780844398,0.0334600366048622,0.739815228191825
oit3,gene-oit3,transcript,36027,1.85094903826517,0.0149919910528475,0.739815228191825
pla2g12b,gene-pla2g12b,transcript,36029,2.03596468904556,0.0185004137367057,0.739815228191825
LOC132473051,gene-LOC132473051,transcript,36075,0.786154551910633,0.021312546171709,0.739815228191825
eif3s6ip,gene-eif3s6ip,transcript,36145,1.41557073676037,0.0286970620057651,0.739815228191825
fbxo28,gene-fbxo28,transcript,36188,1.20604689531193,0.0494609472693017,0.739815228191825
cdk1,gene-cdk1,transcript,36220,0.791937305779762,0.0138837309825902,0.739815228191825
galm,gene-galm,transcript,36223,1.38591098396725,0.0225987702387294,0.739815228191825
yipf3,gene-yipf3,transcript,36241,1.43536178588426,0.0363218711910925,0.739815228191825
LOC132473178,gene-LOC132473178,transcript,36360,1.62037038694052,0.0222513828868933,0.739815228191825
LOC132473038,gene-LOC132473038,transcript,36376,0.89720380865519,0.0474987646232441,0.739815228191825
tspan14,gene-tspan14,transcript,36407,1.47806108531075,0.0229600048842864,0.739815228191825
LOC132473205,gene-LOC132473205,transcript,36410,1.40131207220033,0.0248498179550454,0.739815228191825
pno1,gene-pno1,transcript,36416,1.21096503402101,0.0357610683942028,0.739815228191825
ppa1b,gene-ppa1b,transcript,36541,0.724598156874461,0.0248680281417033,0.739815228191825
comtd1,gene-comtd1,transcript,36570,0.71798291366904,0.0490944799687293,0.739815228191825
plek,gene-plek,transcript,36588,0.679280059118718,0.0498923632559781,0.739815228191825
borcs7,gene-borcs7,transcript,36615,1.21132791447566,0.0301008987832644,0.739815228191825
sfr1,gene-sfr1,transcript,36677,0.873913901104349,0.0493901199910286,0.739815228191825
LOC132472993,gene-LOC132472993,transcript,36679,0.729317853424251,0.0413127905952293,0.739815228191825
asrgl1,gene-asrgl1,transcript,36858,1.68670070612699,0.00845204564468749,0.739815228191825
LOC132472726,gene-LOC132472726,transcript,36995,0.78501556300933,0.0244357796091157,0.739815228191825
LOC132473716,gene-LOC132473716,transcript,37125,0.606379062181163,0.0327882699185978,0.739815228191825
LOC132473715,gene-LOC132473715,transcript,37126,0.609413464155794,0.0188356082832506,0.739815228191825
LOC132473075,gene-LOC132473075,transcript,37140,0.903198459747067,0.030538156964058,0.739815228191825
LOC132472981,gene-LOC132472981,transcript,37184,0.616564130333579,0.0315474579304258,0.739815228191825
dnajc30b,gene-dnajc30b,transcript,37682,0.886616771970299,0.0110397914243821,0.739815228191825
ppm1lb,gene-ppm1lb,transcript,37722,1.27901485190884,0.00508320934767692,0.739815228191825
LOC132474621,gene-LOC132474621,transcript,37789,1.09364485560194,0.0384224115891376,0.739815228191825
exosc5,gene-exosc5,transcript,37806,1.33203060184988,0.00231576590842086,0.739815228191825
trnak-uuu,gene-trnak-uuu-6,transcript,37934,1.07625877641074,0.0386214813923653,0.739815228191825
fam222bb,gene-fam222bb,transcript,38020,0.780570616654506,0.0032774159301554,0.739815228191825
sst1.1,gene-sst1.1,transcript,38043,1.19014244060533,0.0348272384296053,0.739815228191825
tsen34,gene-tsen34,transcript,38128,0.881325169140547,0.047978350005824,0.739815228191825
serp1,gene-serp1,transcript,38131,1.20013686494012,0.0120026063536741,0.739815228191825
ap2m1b,gene-ap2m1b,transcript,38135,1.4613317102056,0.000643010527583865,0.739815228191825
spcs2,gene-spcs2,transcript,38159,0.79789334814997,0.0230717561269712,0.739815228191825
eif3k,gene-eif3k,transcript,38192,1.35739686963148,0.000237766425472352,0.739815228191825
blvrb,gene-blvrb,transcript,38241,1.473108868057,0.00869403130898894,0.739815228191825
diabloa,gene-diabloa,transcript,38349,1.54910428177512,0.0263864263653246,0.739815228191825
dynll2a,gene-dynll2a,transcript,38623,0.61847284496026,0.0210489577644211,0.739815228191825
trip12,gene-trip12,transcript,38647,0.619305416525144,0.00350618858143426,0.739815228191825
bcl7bb,gene-bcl7bb,transcript,38669,1.32880748969434,0.0116233278843176,0.739815228191825
taf15,gene-taf15,transcript,38682,2.03265259574967,0.0057974998184116,0.739815228191825
LOC132474196,gene-LOC132474196,transcript,38816,0.445058917812395,0.0215449285413595,0.739815228191825
LOC132474025,gene-LOC132474025,transcript,38922,0.778222205176614,0.00084123835143568,0.739815228191825
tiparp,gene-tiparp,transcript,39027,0.917019529301014,0.0196876025180325,0.739815228191825
samsn1a,gene-samsn1a,transcript,39180,0.750720934751896,0.029062555695772,0.739815228191825
gdpd5b,gene-gdpd5b,transcript,39182,0.661871196784142,0.0475906445163857,0.739815228191825
serpinh1b,gene-serpinh1b,transcript,39188,1.65972804256752,0.0149820015533622,0.739815228191825
LOC132474413,gene-LOC132474413,transcript,39235,0.895522980997126,0.0309198080607942,0.739815228191825
LOC132473997,gene-LOC132473997,transcript,39319,0.721248649085849,0.021721500141447,0.739815228191825
LOC132474574,gene-LOC132474574,transcript,39323,0.263211953496843,0.0189778331041626,0.739815228191825
LOC132475044,gene-LOC132475044,transcript,39330,1.34088790515071,0.0438385102560311,0.739815228191825
LOC132474233,gene-LOC132474233,transcript,39342,1.80607431588968,0.00201525672795344,0.739815228191825
tbx2b,gene-tbx2b,transcript,39346,1.18227107746757,0.04134003170239,0.739815228191825
ift20,gene-ift20,transcript,39418,0.671666770722074,0.0257515187266799,0.739815228191825
LOC132474700,gene-LOC132474700,transcript,39469,1.24123466562741,0.00963842286855998,0.739815228191825
LOC132474393,gene-LOC132474393,transcript,39535,1.59038069245341,0.0048322040357629,0.739815228191825
LOC132474034,gene-LOC132474034,transcript,39536,0.243348323825454,0.0346696641635451,0.739815228191825
snrpd2,gene-snrpd2,transcript,39566,0.595706834136381,0.00946475267545233,0.739815228191825
LOC132475066,gene-LOC132475066,transcript,39708,1.29011156993188,0.0186974700416382,0.739815228191825
LOC132475076,gene-LOC132475076,transcript,39751,1.24507722180642,0.0461218285575502,0.739815228191825
LOC132473899,gene-LOC132473899,transcript,39761,0.780901003135494,0.039760745870155,0.739815228191825
si:dkey-6n21.12,gene-si:dkey-6n21.12,transcript,40010,1.32245414882998,0.0262371123521064,0.739815228191825
naa38,gene-naa38,transcript,40115,1.27793912399499,0.0334262012786155,0.739815228191825
LOC132445548,gene-LOC132445548,transcript,40135,0.654883850426389,0.0485448284028682,0.739815228191825
LOC132445433,gene-LOC132445433,transcript,40266,1.39248505966226,0.0364293871523245,0.739815228191825
LOC132475627,gene-LOC132475627,transcript,40330,1.27141868608862,0.0386344450924331,0.739815228191825
trnas-gcu,gene-trnas-gcu-8,transcript,40370,0.869374807291612,0.0497607298102041,0.739815228191825
paip2b,gene-paip2b,transcript,40378,1.78755774394713,0.0440632637361285,0.739815228191825
LOC132445831,gene-LOC132445831,transcript,40388,0.704647751631298,0.00721055926913028,0.739815228191825
LOC132475533,gene-LOC132475533,transcript,40448,0.912985681588942,0.0334015590743254,0.739815228191825
LOC132445848,gene-LOC132445848,transcript,40475,0.739761965306937,0.00149136555227947,0.739815228191825
hacd4,gene-hacd4,transcript,40486,2.27859650754959,0.0231857371861415,0.739815228191825
plod3,gene-plod3,transcript,40559,2.01598690238799,0.0117183165991623,0.739815228191825
asgr1a,gene-asgr1a,transcript,40563,1.69283095799018,0.0122745460381155,0.739815228191825
trappc1,gene-trappc1,transcript,40577,1.16652131325239,0.0158646017317094,0.739815228191825
rbm4.2,gene-rbm4.2,transcript,40671,0.809432361481178,0.0236077648171065,0.739815228191825
nit1,gene-nit1,transcript,40815,1.52745180017859,0.00677152270201842,0.739815228191825
LOC132475410,gene-LOC132475410,transcript,40823,1.37686618406277,0.0454918362999732,0.739815228191825
acap1,gene-acap1,transcript,40850,0.875803378847419,0.0374908026391687,0.739815228191825
LOC132475404,gene-LOC132475404,transcript,40901,0.854021538339254,0.0484601321331865,0.739815228191825
LOC132475732,gene-LOC132475732,transcript,40984,1.25786805742677,0.044017448546955,0.739815228191825
lpcat4,gene-lpcat4,transcript,41091,1.46512893718961,0.0383319607472115,0.739815228191825
emc4,gene-emc4,transcript,41094,1.55644346970745,0.0173536118486048,0.739815228191825
khnyn,gene-khnyn,transcript,41105,0.837876226282695,0.0147063383049733,0.739815228191825
rps4x,gene-rps4x,transcript,41150,1.20675720955964,0.0490546761759185,0.739815228191825
rasl11a,gene-rasl11a,transcript,41164,1.90409612914696,0.0132498773892435,0.739815228191825
ankrd46b,gene-ankrd46b,transcript,41170,0.661218249725583,0.0417997218116836,0.739815228191825
epdl1,gene-epdl1,transcript,41173,1.36598440472663,0.00819653580175594,0.739815228191825
c17h11orf68,gene-c17h11orf68,transcript,41185,1.49253419133257,0.0402648893431072,0.739815228191825
ndufs2,gene-ndufs2,transcript,41264,1.36760129386807,0.0442284087471816,0.739815228191825
pop7,gene-pop7,transcript,41334,1.39882595247341,0.0122127728167668,0.739815228191825
LOC132445608,gene-LOC132445608,transcript,41499,1.49936093544557,0.0321608445688194,0.739815228191825
fam234a,gene-fam234a,transcript,41643,0.736293992162282,0.0321999235350583,0.739815228191825
kctd5b,gene-kctd5b,transcript,41700,0.778511184994437,0.011333935967373,0.739815228191825
irf3,gene-irf3,transcript,41863,1.62360293351067,0.00456234587007631,0.739815228191825
zgc:56095,gene-zgc:56095,transcript,41870,1.70404823695316,0.0100439761891075,0.739815228191825
zgc:56095,gene-zgc:56095,transcript,41872,1.46806997256521,0.0243109584624766,0.739815228191825
si:ch211-221j21.3,gene-si:ch211-221j21.3,transcript,41911,1.26315867960382,0.0274342733290402,0.739815228191825
rgrb,gene-rgrb,transcript,42003,0.820922414217159,0.0311894449152521,0.739815228191825
bub3,gene-bub3,transcript,42022,0.852223476751435,0.0302750891796403,0.739815228191825
LOC132446891,gene-LOC132446891,transcript,42043,1.31749005293976,0.0282855188769728,0.739815228191825
pemt,gene-pemt,transcript,42117,0.645889483922591,0.0477320147156808,0.739815228191825
pemt,gene-pemt,transcript,42118,1.12670420038771,0.0339345112900569,0.739815228191825
LOC132446739,gene-LOC132446739,transcript,42134,1.64847524240202,0.0384562785827883,0.739815228191825
LOC132446073,gene-LOC132446073,transcript,42166,1.33137290104138,0.0164489955324636,0.739815228191825
narf,gene-narf,transcript,42178,0.758381142488663,0.0318342380309132,0.739815228191825
LOC132446298,gene-LOC132446298,transcript,42205,1.22075297498654,0.0273860926384236,0.739815228191825
llgl2,gene-llgl2,transcript,42254,0.730721295808267,0.0207692601252256,0.739815228191825
LOC132446301,gene-LOC132446301,transcript,42292,0.933272542878882,0.0463916040251324,0.739815228191825
LOC132446456,gene-LOC132446456,transcript,42325,2.18950423093951,0.0332941122582616,0.739815228191825
LOC132446364,gene-LOC132446364,transcript,42413,1.31878025026285,0.0354840363673401,0.739815228191825
ppm1bb,gene-ppm1bb,transcript,42422,1.68857185630548,0.00295573697661422,0.739815228191825
LOC132445954,gene-LOC132445954,transcript,42429,1.61739565959057,0.015561266567907,0.739815228191825
LOC132447032,gene-LOC132447032,transcript,42446,0.930911583377205,0.0497209906959307,0.739815228191825
LOC132446249,gene-LOC132446249,transcript,42455,0.798580533895357,0.0311456410694162,0.739815228191825
trim16,gene-trim16,transcript,42476,1.48731719095029,0.0155989860023102,0.739815228191825
ascc1,gene-ascc1,transcript,42544,0.650472402271638,0.0123818824095345,0.739815228191825
ghitm,gene-ghitm,transcript,42561,1.42358022534609,0.0116695450664561,0.739815228191825
arg1,gene-arg1,transcript,42658,1.35453414829909,0.0432003892134236,0.739815228191825
a1cf,gene-a1cf,transcript,42684,2.56826575933318,0.0424875155341222,0.739815228191825
phf5a,gene-phf5a,transcript,42726,0.751963700573453,0.023843567120198,0.739815228191825
LOC132446573,gene-LOC132446573,transcript,42791,1.62596738945025,0.0264716767512189,0.739815228191825
birc5a,gene-birc5a,transcript,42863,0.533921104761199,0.0212959348085182,0.739815228191825
slc39a11,gene-slc39a11,transcript,42928,0.662516314866254,0.0244666092591025,0.739815228191825
lrrc59,gene-lrrc59,transcript,42989,0.7547770597203,0.0113522584140957,0.739815228191825
srsf2a,gene-srsf2a,transcript,42998,1.54616795298004,0.0250661606344804,0.739815228191825
sfxn2,gene-sfxn2,transcript,43018,2.30254926687573,0.00343849395480156,0.739815228191825
acsf2,gene-acsf2,transcript,43031,2.02682649641392,0.0277546788374845,0.739815228191825
calcoco2,gene-calcoco2,transcript,43055,1.32540130574469,0.0187942983560132,0.739815228191825
cbx1b,gene-cbx1b,transcript,43071,1.30694559547159,0.00512724553036503,0.739815228191825
prr15lb,gene-prr15lb,transcript,43079,1.55972453271323,0.0154701422893551,0.739815228191825
rbp4,gene-rbp4,transcript,43196,1.45397448042268,0.00333252373605886,0.739815228191825
LOC132446128,gene-LOC132446128,transcript,43271,0.826753466980676,0.00266650930424461,0.739815228191825
phyhd1,gene-phyhd1,transcript,43835,1.71646848951284,0.00686649486555424,0.739815228191825
LOC132448094,gene-LOC132448094,transcript,43862,1.45411760929487,0.0388557153405956,0.739815228191825
ugcg,gene-ugcg,transcript,43877,0.628081146210345,0.000333093643698046,0.739815228191825
cdc26,gene-cdc26,transcript,43887,1.17109300649775,0.0374348284186132,0.739815228191825
ccni,gene-ccni,transcript,43919,1.69809639308306,0.00685210586265761,0.739815228191825
hdhd2,gene-hdhd2,transcript,43941,1.60840286933934,0.00616367783835481,0.739815228191825
hdhd2,gene-hdhd2,transcript,43942,1.51320862146375,0.0224979188122725,0.739815228191825
nars1,gene-nars1,transcript,43959,1.64652450786992,0.0236807369021637,0.739815228191825
txnl1,gene-txnl1,transcript,43973,0.830701717629214,0.0223615820880106,0.739815228191825
stom,gene-stom,transcript,44162,2.08054362629745,0.0116365072126376,0.739815228191825
slc31a2,gene-slc31a2,transcript,44167,1.22868305752548,0.0284637559994019,0.739815228191825
LOC132447454,gene-LOC132447454,transcript,44280,1.24141703228407,0.0344161715969187,0.739815228191825
LOC132447454,gene-LOC132447454,transcript,44281,1.1225321804516,0.0486757964438651,0.739815228191825
rad23b,gene-rad23b,transcript,44315,1.33487845595338,0.0383748046110431,0.739815228191825
LOC132447439,gene-LOC132447439,transcript,44372,1.63927514252163,0.0169733554786209,0.739815228191825
cops4,gene-cops4,transcript,44413,1.39496654655409,0.0202469723100347,0.739815228191825
ddx55,gene-ddx55,transcript,44465,0.643890736107275,0.02541403557555,0.739815228191825
LOC132447383,gene-LOC132447383,transcript,44522,1.20324616943576,0.0381295228926328,0.739815228191825
LOC132447704,gene-LOC132447704,transcript,44613,1.63656764170174,0.0360357787596415,0.739815228191825
dram1,gene-dram1,transcript,44691,1.48965213195183,0.0212643790633829,0.739815228191825
ndufb2,gene-ndufb2,transcript,44696,0.729945157981806,0.0157205345773473,0.739815228191825
trmu,gene-trmu,transcript,44746,0.84789300475246,0.0456228583105127,0.739815228191825
srr,gene-srr,transcript,44748,1.59623035554377,0.0207610582418489,0.739815228191825
creld2,gene-creld2,transcript,44786,0.76706831498214,0.00609619194487099,0.739815228191825
ints13,gene-ints13,transcript,44880,0.762434102575515,0.0225249447695124,0.739815228191825
LOC132447317,gene-LOC132447317,transcript,44889,1.27240123453219,0.0245140915778919,0.739815228191825
nampt1,gene-nampt1,transcript,44929,0.829354835063962,0.0493786227030728,0.739815228191825
cald1a,gene-cald1a,transcript,44990,0.599517483853501,0.0403299815432754,0.739815228191825
ahcyl2b,gene-ahcyl2b,transcript,45012,0.450367009360028,0.018814217362779,0.739815228191825
atp6v1e1b,gene-atp6v1e1b,transcript,45033,1.4370569760477,0.0199596286958299,0.739815228191825
dcn,gene-dcn,transcript,45056,0.299296334018518,0.022528652604263,0.739815228191825
atp2b1a,gene-atp2b1a,transcript,45126,1.37987130701456,0.0290572946741428,0.739815228191825
frzb,gene-frzb,transcript,45271,1.47175181803872,0.0480692642585299,0.739815228191825
dbi,gene-dbi,transcript,45438,0.775749143676898,0.0101904705795707,0.739815228191825
LOC132448438,gene-LOC132448438,transcript,45480,1.7304935232626,0.0323340902165602,0.739815228191825
tmem30c,gene-tmem30c,transcript,45805,0.610971587655254,0.00102423570127286,0.739815228191825
phf11,gene-phf11,transcript,45829,0.940350743500494,0.0413116630142144,0.739815228191825
spc25,gene-spc25,transcript,45920,0.694018950157634,0.0371674487634812,0.739815228191825
tmsb4x,gene-tmsb4x,transcript,46238,0.772585096045778,0.0243725529826857,0.739815228191825
trappc2,gene-trappc2,transcript,46245,1.21467969614608,0.0234288008006698,0.739815228191825
LOC132448240,gene-LOC132448240,transcript,46250,0.829352812227616,0.0237718474745687,0.739815228191825
nfe2l2a,gene-nfe2l2a,transcript,46305,1.54268315678061,0.0193272460128935,0.739815228191825
sp3a,gene-sp3a,transcript,46340,0.72710691113527,0.0282637639199678,0.739815228191825
mettl8,gene-mettl8,transcript,46364,1.57637703303428,0.0354695938900915,0.739815228191825
glb1l,gene-glb1l,transcript,46413,0.472999314011627,0.0276487760785529,0.739815228191825
rabl3,gene-rabl3,transcript,46466,0.799857619649352,0.0329127942225707,0.739815228191825
LOC132448593,gene-LOC132448593,transcript,46486,1.79569196344835,0.0301419437090199,0.739815228191825
dhrs12,gene-dhrs12,transcript,46580,1.65308103812947,0.0143728596967274,0.739815228191825
LOC132448590,gene-LOC132448590,transcript,46584,1.99497692069841,0.0215773311632155,0.739815228191825
asmtl,gene-asmtl,transcript,46622,1.21956659249982,0.0027708678796976,0.739815228191825
acmsd,gene-acmsd,transcript,46738,1.37879913128809,0.00968954907190311,0.739815228191825
LOC132449240,gene-LOC132449240,transcript,46804,0.67616081465349,0.000274302128329573,0.739815228191825
myo1b,gene-myo1b,transcript,46834,1.1940575973483,0.0416331902811162,0.739815228191825
LOC132448225,gene-LOC132448225,transcript,46929,1.10719192553328,0.0438904605414507,0.739815228191825
f5,gene-f5,transcript,47096,0.962282494969973,0.0495694248768115,0.739815228191825
LOC132448477,gene-LOC132448477,transcript,47134,1.32548942428252,0.0419427110090419,0.739815228191825
amd1,gene-amd1,transcript,47208,0.645812627537953,0.0416021949248592,0.739815228191825
rmdn3,gene-rmdn3,transcript,47228,1.56625562498062,0.0203549436952346,0.739815228191825
LOC132449390,gene-LOC132449390,transcript,47284,1.22225648855799,0.0111581258133109,0.739815228191825
LOC132450492,gene-LOC132450492,transcript,47338,0.679471968141991,0.00202819321379111,0.739815228191825
LOC132450493,gene-LOC132450493,transcript,47340,0.750924661200443,0.0052528079595302,0.739815228191825
id2b,gene-id2b,transcript,47360,1.49514885850388,0.00386966070622319,0.739815228191825
LOC132450081,gene-LOC132450081,transcript,47448,1.19026472033992,0.0344388806337697,0.739815228191825
LOC132450462,gene-LOC132450462,transcript,47453,0.946735770653236,0.0403399151512828,0.739815228191825
LOC132450444,gene-LOC132450444,transcript,47513,1.22791351649066,0.00165910200060138,0.739815228191825
si:dkey-261l7.2,gene-si:dkey-261l7.2,transcript,47633,0.422786847183406,0.0379195890065253,0.739815228191825
wdcp,gene-wdcp,transcript,47648,1.16733852396924,0.0367989207683499,0.739815228191825
yy1b,gene-yy1b,transcript,47698,1.28604155584245,0.00633866029624086,0.739815228191825
arf6a,gene-arf6a,transcript,47719,1.24541128890178,0.0427118372032317,0.739815228191825
prpf39,gene-prpf39,transcript,47720,0.686466353672991,0.0459937686388521,0.739815228191825
fosab,gene-fosab,transcript,47762,0.548982203210224,0.0240130741360048,0.739815228191825
LOC132450236,gene-LOC132450236,transcript,47799,0.939508498033474,0.0359301666075547,0.739815228191825
LOC132449907,gene-LOC132449907,transcript,47868,1.10092390244466,0.0235023631645757,0.739815228191825
LOC132449692,gene-LOC132449692,transcript,47954,1.44664626463366,0.0218778310867611,0.739815228191825
enpp1,gene-enpp1,transcript,48112,1.97269459142504,0.0221599895230937,0.739815228191825
exoc8,gene-exoc8,transcript,48181,1.35844465199649,0.0464717349658418,0.739815228191825
mtif3,gene-mtif3,transcript,48216,1.53427910438907,0.00301467167091429,0.739815228191825
esr2a,gene-esr2a,transcript,48252,1.34476651605847,0.0151167372481158,0.739815228191825
ptrhd1,gene-ptrhd1,transcript,48308,1.35907929933829,0.0156326374582318,0.739815228191825
bpnt1,gene-bpnt1,transcript,48348,0.578108461966492,0.0257135520837432,0.739815228191825
LOC132449837,gene-LOC132449837,transcript,48349,1.49941623606574,0.0263169396971976,0.739815228191825
slc35a1,gene-slc35a1,transcript,48354,1.32549192751114,0.0198511430562182,0.739815228191825
smim8,gene-smim8,transcript,48429,1.23831333085402,0.0415224274457384,0.739815228191825
tmem251,gene-tmem251,transcript,48438,1.29625242160419,0.029337620937781,0.739815228191825
vta1,gene-vta1,transcript,48527,0.634582739508847,0.0195093567175844,0.739815228191825
adat2,gene-adat2,transcript,48543,1.19639926163321,0.0147827344003589,0.739815228191825
rhag,gene-rhag,transcript,48570,1.74379856082129,0.0166732627697729,0.739815228191825
hpcal1,gene-hpcal1,transcript,48624,1.51032965894088,0.0366665151507319,0.739815228191825
apobb.1,gene-apobb.1,transcript,48627,3.36511137387027,0.00423439939704617,0.739815228191825
laptm4a,gene-laptm4a,transcript,48642,1.42497661427759,0.0174207533849196,0.739815228191825
tcp1,gene-tcp1,transcript,48695,1.24401233627592,0.0328259409461884,0.739815228191825
LOC132450129,gene-LOC132450129,transcript,48805,1.4456880151683,0.00468265188959516,0.739815228191825
LOC132450122,gene-LOC132450122,transcript,48822,1.51906587547351,0.0407456693926798,0.739815228191825
LOC132449982,gene-LOC132449982,transcript,49043,0.846369400719437,0.0171534951693811,0.739815228191825
LOC132451411,gene-LOC132451411,transcript,49148,1.29917388440306,0.0382405007157736,0.739815228191825
LOC132451397,gene-LOC132451397,transcript,49244,1.71627289550702,0.0439809030176348,0.739815228191825
LOC132451369,gene-LOC132451369,transcript,49245,0.921215580146248,0.0332127114067808,0.739815228191825
psmb4,gene-psmb4,transcript,49288,0.756041639430911,0.0187836020791619,0.739815228191825
LOC132451421,gene-LOC132451421,transcript,49314,0.856933130522767,0.0250565747845897,0.739815228191825
mllt11,gene-mllt11,transcript,49317,0.909999061940263,0.0257675139946499,0.739815228191825
LOC132451410,gene-LOC132451410,transcript,49330,2.18303265689834,0.0127319161729338,0.739815228191825
jtb,gene-jtb,transcript,49336,0.752783911589072,0.0123235931723209,0.739815228191825
glmp,gene-glmp,transcript,49338,1.54968935719232,0.0179925067936669,0.739815228191825
hsd17b8,gene-hsd17b8,transcript,49429,1.32295282318478,0.0324920623423801,0.739815228191825
LOC132451140,gene-LOC132451140,transcript,49530,1.70132437157211,0.00457250888318073,0.739815228191825
cdca5,gene-cdca5,transcript,49602,0.779692225928938,0.0182634136005306,0.739815228191825
olah,gene-olah,transcript,49673,1.14435654311474,0.040227048715258,0.739815228191825
zbtb22a,gene-zbtb22a,transcript,49686,0.752074495774728,0.0488423854192493,0.739815228191825
LOC132451001,gene-LOC132451001,transcript,49746,0.861212743736016,0.0407574798403061,0.739815228191825
pithd1,gene-pithd1,transcript,49758,1.15128473996027,0.0429124916910817,0.739815228191825
bloc1s4,gene-bloc1s4,transcript,49779,1.23814283691627,0.0404291841240871,0.739815228191825
rrm2b,gene-rrm2b,transcript,49782,1.92112642763215,0.000407222004587648,0.739815228191825
LOC132451006,gene-LOC132451006,transcript,49786,0.501645370821468,0.00731619829624419,0.739815228191825
LOC132451014,gene-LOC132451014,transcript,49788,1.58296412148193,0.00254663360344409,0.739815228191825
spag1a,gene-spag1a,transcript,49792,1.65649533465701,0.0175785931274889,0.739815228191825
ptpn2b,gene-ptpn2b,transcript,49798,1.16886605250949,0.0290129117806492,0.739815228191825
dgat1a,gene-dgat1a,transcript,49858,2.17458489831374,0.0253878834070782,0.739815228191825
LOC132451317,gene-LOC132451317,transcript,49902,1.09657820634074,0.0119576855241357,0.739815228191825
LOC132450789,gene-LOC132450789,transcript,49940,0.865114982370728,0.0391227786507045,0.739815228191825
LOC132450739,gene-LOC132450739,transcript,49957,1.96899601330311,0.00696286854461836,0.739815228191825
atp5if1a,gene-atp5if1a,transcript,49962,1.54121064490524,0.00849210086164187,0.739815228191825
LOC132450741,gene-LOC132450741,transcript,49973,1.78637288989887,0.0463297009702507,0.739815228191825
LOC132450745,gene-LOC132450745,transcript,49983,1.95403878722429,0.0111652250438908,0.739815228191825
LOC132450742,gene-LOC132450742,transcript,49985,0.728036853485763,0.047001203157867,0.739815228191825
cks1b,gene-cks1b,transcript,50024,0.706563665652376,0.0147391682683016,0.739815228191825
yars1,gene-yars1,transcript,50160,0.826195630616198,0.03011193491728,0.739815228191825
myclb,gene-myclb,transcript,50165,0.797242825295012,0.0290177972484857,0.739815228191825
ptp4a2b,gene-ptp4a2b,transcript,50222,1.5879093420496,0.00944611252764926,0.739815228191825
cbx3a,gene-cbx3a,transcript,50274,1.42683348373564,0.0067149230954251,0.739815228191825
tra2a,gene-tra2a,transcript,50310,0.725285930387772,0.0408374100451463,0.739815228191825
pdk4,gene-pdk4,transcript,50335,1.93072643810438,0.032543098973616,0.739815228191825
gatad1,gene-gatad1,transcript,50416,1.19706260279209,0.0465479866283014,0.739815228191825
txnipa,gene-txnipa,transcript,50566,1.51242413855853,0.01259864034335,0.739815228191825
c22h6orf136,gene-c22h6orf136,transcript,50608,1.1797780202924,0.031083896044468,0.739815228191825
LOC132451772,gene-LOC132451772,transcript,50662,0.659704319724738,0.0446790294322631,0.739815228191825
tmem106bb,gene-tmem106bb,transcript,50685,1.5170980150199,0.0261904565898151,0.739815228191825
nr1d2b,gene-nr1d2b,transcript,50728,0.673319950372697,0.0191684375689021,0.739815228191825
sh3bgrl3,gene-sh3bgrl3,transcript,50848,1.54084085970972,0.0095028904062332,0.739815228191825
LOC132450852,gene-LOC132450852,transcript,50957,1.44990633501698,0.0233440119188919,0.739815228191825
zftraf1,gene-zftraf1,transcript,51022,0.648824814821328,0.046128450753907,0.739815228191825
fabp3,gene-fabp3,transcript,51027,1.59441169568412,0.0361273900226133,0.739815228191825
dmac1,gene-dmac1,transcript,51181,1.35094554288047,0.00301557245422535,0.739815228191825
zdhhc23b,gene-zdhhc23b,transcript,51352,1.29974431194354,0.0112811943604656,0.739815228191825
zdhhc23b,gene-zdhhc23b,transcript,51353,0.820693063859465,0.0319652135306081,0.739815228191825
tagln3b,gene-tagln3b,transcript,51407,1.63717975914504,0.00797006793580857,0.739815228191825
abhd10b,gene-abhd10b,transcript,51408,1.24840165124913,0.0218125444616024,0.739815228191825
rnpc3,gene-rnpc3,transcript,51450,1.26418432498316,0.0463090758002658,0.739815228191825
LOC132452163,gene-LOC132452163,transcript,51562,0.748385448141598,0.0164932188464639,0.739815228191825
ssr1,gene-ssr1,transcript,51582,0.498524519250057,0.0403889457283073,0.739815228191825
rbis,gene-rbis,transcript,51777,2.61226277190948,0.0156392578984186,0.739815228191825
LOC132452346,gene-LOC132452346,transcript,51796,1.255175317957,0.0117561256528774,0.739815228191825
LOC132452344,gene-LOC132452344,transcript,51803,0.647677730534615,0.0113233917735811,0.739815228191825
nrbp2b,gene-nrbp2b,transcript,51871,0.629301067468253,0.0357074456692361,0.739815228191825
LOC132452572,gene-LOC132452572,transcript,51890,0.629021132950904,0.0108150194739625,0.739815228191825
chmp5b,gene-chmp5b,transcript,51927,1.23840420829478,0.0289914716321537,0.739815228191825
fastkd3,gene-fastkd3,transcript,51930,1.11977367675398,0.0299981972390144,0.739815228191825
insig1,gene-insig1,transcript,52001,2.49316156936283,0.0086114260451593,0.739815228191825
idi1,gene-idi1,transcript,52049,2.27480440079222,0.0189065920734999,0.739815228191825
tmem14ca,gene-tmem14ca,transcript,52177,1.33204595375137,0.017995649128058,0.739815228191825
tm9sf1,gene-tm9sf1,transcript,52203,0.628905161703094,0.0149560203923278,0.739815228191825
cct5,gene-cct5,transcript,52293,1.33175656182368,0.0156204942976992,0.739815228191825
zfand1,gene-zfand1,transcript,52539,1.5671547049286,0.000959349195697734,0.739815228191825
LOC132452652,gene-LOC132452652,transcript,52617,0.888311335239204,0.0105138282561335,0.739815228191825
LOC132452545,gene-LOC132452545,transcript,52674,1.16410917669695,0.0154002086160225,0.739815228191825
LOC132452136,gene-LOC132452136,transcript,52746,1.31849914990184,0.0310574252081994,0.739815228191825
LOC132452368,gene-LOC132452368,transcript,52787,1.17717205393238,0.0465447211969841,0.739815228191825
